Income,Recency,MntWines,MntFruits,MntMeatProducts,MntFishProducts,MntSweetProducts,MntGoldProds,NumDealsPurchases,NumWebPurchases,NumCatalogPurchases,NumStorePurchases,NumWebVisitsMonth,Z_CostContact,Z_Revenue,Total_kids
58138,58,635,88,546,172,88,88,3,8,10,4,7,3,11,0
46344,38,11,1,6,2,1,6,2,1,1,2,5,3,11,2
71613,26,426,49,127,111,21,42,1,8,2,10,4,3,11,0
26646,26,11,4,20,10,3,5,2,2,0,4,6,3,11,1
58293,94,173,43,118,46,27,15,5,5,3,6,5,3,11,1
62513,16,520,42,98,0,42,14,2,6,4,10,6,3,11,1
55635,34,235,65,164,50,49,27,4,7,3,7,6,3,11,1
33454,32,76,10,56,3,1,23,2,4,0,4,8,3,11,1
30351,19,14,0,24,3,3,2,1,3,0,2,9,3,11,1
5648,68,28,0,6,1,1,13,1,1,0,0,20,3,11,2
7500,59,6,16,11,11,1,16,1,2,0,3,8,3,11,0
63033,82,194,61,480,225,112,30,1,3,4,8,2,3,11,0
59354,53,233,2,53,3,5,14,3,6,1,5,6,3,11,2
17323,38,3,14,17,6,1,5,1,1,0,3,8,3,11,0
82800,23,1006,22,115,59,68,45,1,7,6,12,3,3,11,0
41850,51,53,5,19,2,13,4,3,3,0,3,8,3,11,2
37760,20,84,5,38,150,12,28,2,4,1,6,7,3,11,0
76995,91,1012,80,498,0,16,176,2,11,4,9,5,3,11,1
33812,86,4,17,19,30,24,39,2,2,1,3,6,3,11,1
37040,41,86,2,73,69,38,48,1,4,2,5,8,3,11,0
2447,42,1,1,1725,1,1,1,15,0,28,0,1,3,11,1
58607,63,867,0,86,0,0,19,3,2,3,9,8,3,11,1
65324,0,384,0,102,21,32,5,3,6,2,9,4,3,11,1
40689,69,270,3,27,39,6,99,7,7,1,5,8,3,11,1
18589,89,6,4,25,15,12,13,2,2,1,3,7,3,11,0
53359,4,173,4,30,3,6,41,4,5,1,4,7,3,11,2
38360,26,36,2,42,20,21,10,2,2,1,4,3,3,11,1
84618,96,684,100,801,21,66,0,1,6,9,10,2,3,11,0
10979,34,8,4,10,2,2,4,2,3,0,3,5,3,11,0
38620,56,112,17,44,34,22,89,1,2,5,3,3,3,11,0
40548,31,110,0,5,2,0,3,2,2,1,4,5,3,11,1
46610,8,96,12,96,33,22,43,6,4,1,6,6,3,11,2
68657,4,482,34,471,119,68,22,1,3,5,9,7,3,11,0
49389,55,40,0,19,2,1,3,1,2,0,3,7,3,11,2
67353,37,702,17,151,0,8,35,5,5,6,12,2,3,11,1
23718,76,6,3,14,15,7,36,3,3,1,2,7,3,11,1
42429,99,55,0,6,2,0,4,2,1,1,3,5,3,11,1
48948,53,437,8,206,160,49,42,2,7,10,5,6,3,11,0
80011,3,421,76,536,82,178,102,2,8,6,5,4,3,11,1
20559,88,13,1,29,3,0,7,2,2,0,3,8,3,11,1
21994,4,9,0,6,3,1,3,1,0,0,3,5,3,11,1
7500,19,3,1,10,3,2,12,3,2,0,3,5,3,11,1
79941,72,123,164,266,227,30,174,1,2,4,9,1,3,11,0
7500,24,3,18,14,15,22,50,3,3,1,3,9,3,11,0
41728,92,13,6,15,3,5,13,1,2,0,2,10,3,11,1
72550,39,826,50,317,50,38,38,9,5,2,12,8,3,11,2
65486,29,245,19,125,37,67,14,1,4,2,10,2,3,11,1
79143,2,650,37,780,27,167,32,1,6,9,13,3,3,11,0
35790,54,12,6,20,30,1,3,2,2,0,3,7,3,11,1
82582,54,510,120,550,156,40,241,1,4,9,7,1,3,11,0
66373,57,328,9,124,12,24,109,7,4,2,10,3,3,11,2
82384,55,984,51,432,180,120,190,1,3,10,13,1,3,11,0
70287,30,295,35,482,121,120,40,1,5,5,10,3,3,11,0
27938,31,13,0,8,2,1,5,1,1,0,4,3,3,11,1
55954,63,447,0,28,0,0,43,3,8,2,6,7,3,11,1
75777,12,712,26,538,69,13,80,1,3,6,11,1,3,11,0
66653,18,452,18,102,16,18,6,4,4,2,12,3,3,11,2
61823,26,523,7,134,37,14,169,4,8,2,10,7,3,11,1
67680,8,546,0,48,0,6,6,1,7,3,8,5,3,11,1
70666,29,398,40,367,119,122,30,1,7,4,4,4,3,11,0
25721,75,1,3,6,3,6,15,1,1,1,2,7,3,11,1
32474,0,10,0,1,0,0,0,1,1,0,2,7,3,11,2
88194,19,688,14,309,201,24,38,1,11,10,10,5,3,11,1
69096,4,247,49,159,7,82,109,1,5,2,10,4,3,11,1
74854,90,856,59,487,58,29,73,7,2,5,5,5,3,11,3
66991,1,496,36,460,189,60,12,3,4,8,6,3,3,11,0
65031,29,258,107,291,84,37,86,4,10,3,13,7,3,11,1
60631,88,565,6,65,0,6,19,5,9,2,8,7,3,11,2
28332,58,14,10,13,4,15,9,1,2,1,4,2,3,11,0
40246,68,2,1,6,2,1,1,1,1,0,2,6,3,11,1
75251,34,721,111,925,97,18,18,1,7,6,5,5,3,11,0
75825,40,1032,105,779,137,105,51,0,5,8,9,4,3,11,0
26326,12,1,0,5,0,3,9,1,0,0,3,3,3,11,0
56046,9,577,0,64,0,0,51,2,10,1,8,8,3,11,0
29760,87,64,4,68,7,5,17,4,3,1,4,8,3,11,1
26304,5,4,1,5,2,0,4,1,1,0,2,7,3,11,1
23559,87,25,5,19,7,0,23,3,3,0,3,7,3,11,1
38620,56,112,17,44,34,22,89,1,2,5,3,3,3,11,0
81361,18,163,23,424,27,65,76,1,3,10,13,1,3,11,0
29440,95,17,8,14,10,4,3,2,1,0,4,7,3,11,2
36138,48,130,0,16,0,0,5,5,3,1,4,7,3,11,2
50388,3,292,6,37,0,3,34,4,6,1,6,7,3,11,1
79593,70,350,60,568,110,133,145,1,5,6,7,2,3,11,0
54178,79,135,9,39,4,0,7,1,2,2,5,2,3,11,1
42394,69,15,2,10,0,1,4,1,1,0,3,7,3,11,1
23626,84,27,2,14,0,0,0,3,3,1,3,5,3,11,1
30096,30,5,3,11,12,5,9,1,2,0,3,6,3,11,1
47916,72,505,0,26,0,0,75,5,7,4,6,6,3,11,1
51813,37,51,2,7,0,1,2,2,2,0,3,7,3,11,2
78497,44,207,26,447,75,0,223,1,5,7,12,2,3,11,0
50150,32,135,46,92,65,61,11,2,5,2,7,5,3,11,0
47823,0,53,1,5,2,1,10,2,2,0,3,8,3,11,1
34554,43,41,1,6,2,0,5,2,2,0,3,6,3,11,1
85693,59,386,172,183,185,132,111,2,9,5,11,5,3,11,1
65846,68,562,81,276,80,40,81,1,6,3,6,4,3,11,0
87195,35,217,76,690,50,26,38,1,3,11,5,1,3,11,0
24594,94,1,3,6,10,0,9,1,1,0,3,5,3,11,1
49096,15,144,1,32,2,1,7,4,4,1,4,7,3,11,2
52413,56,295,106,271,75,98,65,4,6,4,12,6,3,11,2
38557,17,76,3,31,4,4,27,2,3,1,3,7,3,11,1
89058,18,454,194,106,31,22,43,1,5,4,4,2,3,11,0
77298,46,425,115,292,23,35,79,1,6,6,11,3,3,11,1
68126,40,1332,17,311,23,51,86,1,7,4,5,9,3,11,0
57288,27,527,0,21,0,0,60,3,8,1,8,6,3,11,1
86037,95,490,44,125,29,20,22,1,6,7,11,3,3,11,0
43974,19,378,0,101,0,0,72,5,6,4,6,7,3,11,1
50785,27,64,1,21,0,1,27,2,2,1,3,6,3,11,2
90765,25,547,99,812,151,82,33,0,4,6,5,1,3,11,0
36550,74,47,90,94,123,103,120,5,9,1,5,9,3,11,1
30753,85,12,5,25,0,9,30,2,1,1,3,5,3,11,2
21918,37,1,6,7,11,5,3,2,2,0,3,6,3,11,1
56129,65,320,48,133,39,72,48,4,6,2,10,4,3,11,1
32557,13,34,3,29,0,4,10,3,2,1,3,5,3,11,1
19510,63,9,0,7,3,4,7,2,1,0,3,7,3,11,2
30992,83,17,0,14,7,3,2,1,1,0,3,7,3,11,1
101970,69,722,27,102,44,72,168,0,6,8,13,2,3,11,0
71488,87,162,33,124,40,28,172,2,3,4,7,1,3,11,0
79607,37,450,133,951,173,0,216,1,3,6,6,1,3,11,0
54348,51,70,0,16,0,0,4,2,2,0,4,6,3,11,2
77376,72,492,19,110,16,12,12,4,6,3,10,4,3,11,2
62998,10,120,58,73,65,89,58,5,5,4,5,5,3,11,1
61331,42,534,5,47,0,5,41,5,11,1,6,8,3,11,2
73448,10,236,106,189,23,41,130,1,7,2,9,4,3,11,0
41551,51,220,0,33,3,0,23,5,5,1,5,8,3,11,2
62981,21,796,14,590,38,44,0,1,4,5,13,3,3,11,0
9548,31,0,1,3,10,6,9,2,1,0,3,8,3,11,1
33762,61,53,1,34,2,0,16,3,2,2,2,8,3,11,3
35860,37,15,0,8,4,2,20,2,1,1,2,5,3,11,2
36921,74,17,1,12,3,1,4,2,2,0,3,7,3,11,2
92859,46,962,61,921,52,61,20,1,5,4,12,2,3,11,0
65104,4,738,0,232,13,20,50,2,3,5,7,7,3,11,1
86111,73,399,28,756,36,40,126,1,5,7,10,2,3,11,0
68352,47,614,16,132,43,33,33,3,8,5,9,6,3,11,1
41883,13,32,34,41,73,16,116,3,4,2,3,7,3,11,1
59809,36,598,16,141,32,41,49,3,3,3,6,8,3,11,2
23957,47,2,1,18,20,11,16,1,2,0,3,6,3,11,1
38547,49,6,1,10,0,1,4,1,1,0,2,8,3,11,1
35688,94,73,3,90,12,1,32,7,4,1,4,8,3,11,3
49605,65,42,16,29,12,20,8,1,2,1,4,3,3,11,0
59354,59,295,21,78,39,13,13,1,4,4,7,3,3,11,2
65747,96,346,17,48,23,13,13,4,8,1,6,6,3,11,1
46344,28,233,20,57,8,20,91,4,7,1,5,7,3,11,1
34176,12,5,7,24,19,14,20,4,3,0,4,6,3,11,1
61010,57,888,0,57,0,0,76,2,8,5,11,5,3,11,1
69372,10,997,26,269,34,13,42,1,10,4,6,4,3,11,0
49967,4,212,6,69,4,12,3,3,6,1,5,7,3,11,1
60199,49,8,1,7,2,0,0,1,0,0,3,4,3,11,3
55375,3,42,11,57,10,28,14,1,1,1,6,2,3,11,1
80317,64,536,11,387,149,91,57,1,3,4,10,1,3,11,0
30523,0,5,0,3,0,0,5,1,1,0,2,7,3,11,3
70356,20,1349,16,249,43,16,33,2,10,6,9,6,3,11,0
23228,91,53,3,49,7,4,5,4,3,0,4,8,3,11,1
74165,9,1001,12,240,16,12,12,1,5,4,10,2,3,11,0
157243,98,20,2,1582,1,2,1,15,0,22,0,0,3,11,1
43482,83,18,1,32,6,3,28,3,2,0,4,6,3,11,3
62551,27,125,16,98,134,21,27,1,6,7,4,3,3,11,0
52332,63,212,5,33,7,0,2,1,3,2,6,4,3,11,0
66951,46,277,162,305,173,76,124,1,3,4,7,1,3,11,0
26091,84,15,10,19,8,17,20,3,2,1,3,5,3,11,2
33456,58,7,3,10,8,1,7,2,1,0,3,7,3,11,2
28718,78,12,4,6,11,8,16,2,2,0,3,8,3,11,1
50447,4,85,7,24,2,3,27,1,3,1,3,6,3,11,2
53537,17,81,0,6,0,0,6,2,2,1,3,5,3,11,2
52074,77,59,0,12,0,0,48,1,2,2,2,4,3,11,1
80427,56,1149,71,449,69,71,26,1,11,8,8,5,3,11,1
83837,79,847,66,119,86,89,111,1,9,10,5,4,3,11,0
38853,90,29,0,14,0,0,2,2,2,0,3,7,3,11,2
38285,96,2,0,5,2,0,1,1,0,0,3,2,3,11,3
78497,44,207,26,447,75,0,223,1,5,7,12,2,3,11,0
51650,81,152,3,22,2,5,7,1,4,1,4,5,3,11,1
16248,77,12,11,10,3,12,9,3,2,1,3,6,3,11,1
66835,21,620,26,195,34,17,141,1,6,4,13,2,3,11,0
30477,16,47,1,6,0,0,12,1,1,1,3,6,3,11,1
28249,80,1,9,7,2,14,10,1,2,0,3,6,3,11,0
25271,45,10,1,18,10,4,7,1,1,1,2,9,3,11,1
32303,63,35,0,2,0,0,2,2,1,0,4,5,3,11,1
61286,34,356,0,107,19,9,117,2,7,1,8,5,3,11,1
74068,14,783,30,537,140,76,15,1,4,10,9,2,3,11,0
45759,13,42,1,18,3,0,4,2,2,0,3,7,3,11,2
24882,52,1,4,10,29,0,36,1,1,1,2,6,3,11,1
66973,98,466,22,432,147,113,102,1,8,7,12,3,3,11,0
36640,99,15,6,8,7,4,25,1,2,1,2,5,3,11,1
38872,93,23,3,21,3,19,22,2,3,0,3,8,3,11,1
51148,38,235,6,45,8,9,12,4,5,1,6,6,3,11,2
31353,24,10,0,10,3,1,7,2,1,1,2,8,3,11,2
69661,80,656,16,106,32,16,8,1,7,3,12,3,3,11,0
80067,82,519,17,813,27,173,51,1,4,6,6,2,3,11,0
86718,20,344,189,482,50,33,172,1,5,6,5,2,3,11,0
46854,81,96,1,79,7,1,79,6,5,1,3,8,3,11,2
69142,50,448,4,34,6,4,39,3,8,1,7,5,3,11,1
75922,60,265,138,553,224,23,92,1,4,4,9,1,3,11,0
63693,63,587,43,337,42,87,54,3,11,6,9,6,3,11,1
102160,54,763,29,138,76,176,58,0,7,9,10,4,3,11,0
40637,72,22,0,13,0,0,3,2,1,0,3,7,3,11,2
18890,5,6,4,1,7,2,15,1,0,1,2,6,3,11,0
29604,88,7,6,13,7,6,14,1,1,0,3,9,3,11,1
48721,50,81,18,113,47,13,21,6,4,2,5,6,3,11,2
44794,99,54,0,7,0,0,4,1,2,0,3,6,3,11,1
64497,17,1170,48,320,42,32,192,5,11,4,9,8,3,11,1
46097,11,72,24,68,65,4,8,5,3,1,6,4,3,11,1
77972,18,613,22,319,33,102,12,1,4,6,9,1,3,11,0
44377,70,224,0,30,0,0,10,8,5,1,5,8,3,11,2
46014,21,410,0,59,19,9,44,10,7,1,8,7,3,11,2
70951,66,239,10,554,254,87,54,1,3,4,9,1,3,11,0
41443,79,171,7,171,25,19,89,6,8,1,5,8,3,11,1
52195,2,12,0,4,0,0,1,1,1,0,2,8,3,11,3
83790,81,1076,16,417,42,48,16,1,8,10,6,3,3,11,0
44551,24,182,4,33,0,0,66,2,4,1,5,7,3,11,1
69508,48,824,32,162,42,32,43,2,11,4,11,6,3,11,1
45204,93,30,11,25,29,1,18,1,1,1,4,3,3,11,1
72460,56,377,10,540,80,30,10,1,3,5,7,1,3,11,0
77622,3,520,7,154,19,0,14,2,6,3,11,3,3,11,2
30732,44,155,1,25,0,1,3,4,4,1,4,8,3,11,1
63887,38,897,23,207,15,11,92,5,9,6,12,6,3,11,1
42011,46,131,0,16,2,1,39,4,3,1,4,8,3,11,1
51369,84,297,7,79,0,11,182,2,8,2,4,8,3,11,1
51537,27,787,20,204,0,0,92,3,2,2,11,8,3,11,1
79930,72,792,86,740,67,51,17,1,3,5,8,2,3,11,0
34320,66,4,1,9,3,0,0,1,1,0,2,8,3,11,1
37070,30,231,7,137,4,15,39,9,5,1,8,7,3,11,2
81975,2,983,76,184,180,138,27,1,6,3,4,7,3,11,1
38590,65,3,1,8,4,3,3,1,1,0,2,8,3,11,1
15033,37,0,4,5,6,0,4,1,1,0,3,3,3,11,0
62745,89,562,21,464,28,10,32,3,7,8,11,5,3,11,1
22212,49,5,9,20,6,8,21,2,2,0,4,6,3,11,1
23661,46,18,0,4,0,0,1,1,1,0,3,7,3,11,1
79761,32,415,5,124,15,35,11,1,5,2,11,3,3,11,1
7500,54,5,3,10,12,7,20,4,3,1,3,7,3,11,1
60182,23,8,0,5,7,0,2,1,1,0,2,4,3,11,1
73455,98,901,61,757,186,163,20,1,6,5,10,3,3,11,0
64961,97,382,114,276,75,124,38,2,6,4,4,3,3,11,1
22804,75,14,1,7,2,1,1,1,2,0,2,9,3,11,1
73687,8,559,153,503,218,13,181,1,3,9,9,2,3,11,0
61074,37,789,0,133,0,28,152,7,11,5,8,7,3,11,1
31686,31,11,0,5,0,0,1,2,1,0,3,6,3,11,2
80134,40,1218,16,272,104,0,80,2,5,3,6,6,3,11,1
75027,74,925,64,179,133,12,77,2,9,4,6,5,3,11,1
67546,90,864,134,768,150,38,172,1,4,10,5,3,3,11,0
65176,57,960,28,183,220,70,70,4,9,6,6,6,3,11,1
31160,59,16,3,25,6,1,13,2,2,0,3,8,3,11,1
29938,52,3,3,7,0,2,11,2,1,0,3,6,3,11,1
102692,5,168,148,444,32,172,148,1,6,9,13,2,3,11,0
26490,92,45,47,52,21,20,25,2,3,1,5,6,3,11,0
75702,77,650,28,353,45,42,30,5,4,6,11,8,3,11,2
30899,35,24,0,8,0,0,1,2,1,0,3,6,3,11,1
63342,48,918,21,118,13,10,21,3,8,3,5,6,3,11,1
45989,97,138,33,87,28,24,12,4,3,2,7,3,3,11,1
18701,95,12,4,2,10,6,10,4,2,0,4,5,3,11,2
40737,24,11,0,4,0,0,2,1,1,0,2,8,3,11,3
15287,60,1,2,8,4,3,13,2,1,1,2,7,3,11,1
69674,46,554,41,215,11,0,24,3,10,2,10,5,3,11,2
44159,85,167,2,62,24,13,7,4,4,1,6,5,3,11,1
37717,31,9,0,6,4,1,5,1,1,0,2,9,3,11,1
43776,9,177,2,71,3,2,20,6,5,2,4,8,3,11,2
38179,30,38,4,22,4,2,20,4,3,1,3,7,3,11,2
80124,47,483,84,398,205,84,241,1,3,7,8,1,3,11,0
38097,70,77,2,35,0,1,69,4,3,2,2,7,3,11,2
72940,13,182,74,298,162,149,116,1,3,3,6,1,3,11,0
22070,11,10,7,19,8,2,21,2,2,2,2,6,3,11,1
69267,31,778,44,499,95,73,146,2,3,4,5,7,3,11,0
31788,15,16,7,23,0,8,6,3,3,0,4,5,3,11,1
61905,2,167,0,43,6,2,13,2,4,2,4,5,3,11,1
29315,55,13,2,14,8,7,4,4,2,0,4,6,3,11,2
33378,38,33,6,40,3,7,10,3,2,0,4,7,3,11,2
66313,86,625,7,99,10,22,7,2,6,3,12,4,3,11,1
60714,56,216,162,224,101,92,162,2,7,4,10,5,3,11,0
77882,29,68,129,396,188,22,15,1,3,3,5,1,3,11,0
69867,30,196,0,512,33,130,54,1,3,5,8,1,3,11,0
63841,64,635,15,100,20,7,131,1,9,3,9,6,3,11,1
24480,46,4,19,9,28,25,17,3,3,0,4,7,3,11,1
51369,84,297,7,79,0,11,182,2,8,2,4,8,3,11,1
37760,20,84,5,38,150,12,28,2,4,1,6,7,3,11,0
65640,74,204,7,149,20,15,66,1,5,1,8,2,3,11,1
44319,18,26,0,8,0,0,3,2,2,0,3,5,3,11,2
30631,75,15,6,20,4,5,20,1,3,1,2,7,3,11,1
75278,17,304,98,230,150,74,74,1,6,3,13,3,3,11,0
50898,88,285,28,242,55,114,135,13,6,2,12,5,3,11,2
79946,19,395,183,565,166,141,28,1,5,11,5,3,3,11,0
35416,62,248,3,81,4,3,51,3,7,1,5,8,3,11,0
32414,11,20,6,5,0,9,12,1,1,0,3,7,3,11,0
38361,74,39,0,56,20,8,14,3,3,1,3,7,3,11,1
82497,32,777,129,573,216,21,203,1,2,7,9,4,3,11,0
16626,76,8,3,22,21,1,13,3,3,0,3,9,3,11,2
29672,6,9,1,3,0,4,8,1,0,0,3,6,3,11,2
55951,62,1241,0,80,0,13,40,3,3,6,11,8,3,11,1
35388,20,6,4,7,4,3,8,1,1,0,3,7,3,11,1
42386,43,65,4,16,0,4,11,1,3,0,3,8,3,11,1
68627,45,395,15,263,60,54,38,1,2,3,6,1,3,11,0
57912,34,801,0,80,0,0,35,5,8,3,12,5,3,11,1
35246,53,36,0,12,2,2,10,4,3,1,3,5,3,11,2
58821,44,513,14,154,19,0,28,1,9,2,9,6,3,11,1
46377,89,37,0,46,4,3,0,1,2,1,3,4,3,11,1
39747,43,80,15,93,20,13,52,3,5,1,4,8,3,11,1
23976,68,14,1,21,2,3,25,3,3,1,3,7,3,11,1
80950,44,525,147,112,219,147,63,1,6,7,9,2,3,11,0
27038,64,1,26,25,17,23,15,1,3,0,3,9,3,11,0
77457,85,675,11,400,15,45,11,1,2,5,10,1,3,11,0
64100,93,509,0,27,0,0,10,1,8,3,6,7,3,11,1
42670,12,154,2,46,20,4,15,1,4,2,4,4,3,11,0
12571,86,3,5,14,2,12,17,4,3,1,3,6,3,11,1
22574,28,25,0,8,2,0,2,2,2,0,3,7,3,11,3
70893,42,768,44,561,77,44,14,1,6,6,10,3,3,11,0
54198,13,185,0,28,3,2,17,6,3,1,6,4,3,11,2
28839,86,24,0,7,0,0,1,2,2,0,3,5,3,11,2
40321,59,44,4,21,6,0,27,2,3,0,3,7,3,11,2
66503,30,91,64,128,65,3,50,2,4,3,6,3,3,11,1
30833,33,11,0,7,3,1,6,2,1,0,3,5,3,11,2
64795,23,412,5,119,38,29,77,3,3,3,12,2,3,11,1
34421,81,3,3,7,6,2,9,1,1,0,2,7,3,11,1
47025,6,16,0,3,0,0,1,1,1,0,2,7,3,11,2
64325,41,731,60,353,78,12,73,5,10,3,5,7,3,11,1
40464,78,424,17,118,7,23,41,6,8,2,8,8,3,11,1
62187,49,792,0,275,45,45,126,1,4,8,5,3,3,11,0
14849,39,21,2,28,3,2,9,3,2,0,4,8,3,11,1
27255,3,22,1,11,0,1,2,1,1,0,3,7,3,11,1
54432,37,33,0,5,0,0,0,1,1,0,3,4,3,11,3
29999,22,68,7,59,10,5,11,4,3,1,4,8,3,11,1
24072,79,9,1,6,3,0,4,1,1,0,2,8,3,11,1
33996,46,40,2,15,8,0,6,1,1,1,3,4,3,11,0
66334,82,909,11,218,0,0,23,2,9,3,5,5,3,11,1
35178,10,23,1,13,2,2,18,1,1,1,2,7,3,11,1
22010,51,11,2,9,3,0,8,2,2,0,3,8,3,11,1
62204,38,317,46,247,151,46,139,1,4,5,12,3,3,11,2
75693,10,797,153,293,72,97,30,1,11,4,6,4,3,11,0
30675,14,10,2,16,11,2,21,1,1,0,3,8,3,11,1
83003,18,856,61,570,40,25,122,1,7,6,8,3,3,11,0
83532,36,755,144,562,104,64,224,1,4,6,4,1,3,11,0
68655,95,456,19,832,75,118,38,1,4,5,11,3,3,11,0
41411,11,37,32,38,11,3,18,1,2,1,4,6,3,11,0
55212,65,1103,0,45,0,0,34,3,4,2,11,8,3,11,1
59292,71,378,14,68,19,14,14,2,3,5,8,3,3,11,1
27190,13,1,6,7,0,1,3,1,1,0,2,8,3,11,1
82623,58,204,34,204,172,153,173,1,2,9,4,1,3,11,0
44300,65,30,0,9,0,0,3,2,1,0,3,6,3,11,2
84835,0,189,104,379,111,189,218,1,4,4,6,1,3,11,0
30372,33,15,0,12,7,3,7,3,2,0,3,7,3,11,2
33181,90,9,0,3,0,0,4,1,1,0,2,6,3,11,1
71113,95,495,33,255,11,33,8,4,6,7,9,4,3,11,1
71952,93,656,80,455,52,107,93,2,8,4,8,4,3,11,1
69759,38,452,20,514,13,30,0,3,4,6,5,3,3,11,0
72099,18,546,91,410,119,0,22,1,3,4,10,1,3,11,0
60000,57,1048,0,217,0,0,12,5,11,3,5,6,3,11,1
38643,45,22,2,14,0,1,10,2,2,0,3,7,3,11,2
50737,61,78,0,11,0,0,10,1,2,0,4,6,3,11,1
68462,6,561,64,785,84,128,48,1,3,3,8,1,3,11,0
65073,65,629,17,177,69,0,8,1,5,3,5,2,3,11,0
46681,52,269,15,69,15,19,38,2,4,6,4,5,3,11,2
78618,87,736,163,818,212,163,61,1,4,7,10,2,3,11,0
62187,38,512,0,83,0,0,41,3,6,2,10,4,3,11,1
28442,53,19,3,10,11,8,6,3,2,1,4,4,3,11,2
37717,31,9,0,6,4,1,5,1,1,0,2,9,3,11,1
51479,67,247,8,160,6,8,65,7,6,3,6,7,3,11,2
54803,65,404,0,92,28,27,142,2,6,2,9,4,3,11,1
79530,64,333,0,815,129,42,29,1,4,10,11,2,3,11,0
31615,82,2,3,20,6,11,9,2,2,0,3,7,3,11,1
72025,27,833,33,549,151,133,233,1,4,3,8,3,3,11,0
52614,63,789,0,142,12,9,38,2,2,4,8,8,3,11,1
35684,66,10,4,7,0,6,3,1,1,0,3,6,3,11,1
48178,69,159,4,45,6,2,38,6,5,1,4,8,3,11,2
29548,52,7,1,6,3,1,11,1,1,1,2,4,3,11,1
63810,45,977,12,253,16,12,101,4,4,3,12,8,3,11,1
38578,2,38,4,22,3,3,3,3,3,0,3,8,3,11,2
46098,86,57,0,27,0,0,36,4,3,2,2,8,3,11,2
22585,23,3,9,15,13,2,39,1,1,1,2,9,3,11,0
30279,13,10,4,14,4,4,1,1,1,0,3,8,3,11,1
66426,14,1043,24,97,32,24,157,2,3,5,10,6,3,11,1
30822,92,3,9,13,2,12,12,1,1,0,3,7,3,11,1
33581,38,11,0,5,0,0,1,1,1,0,2,8,3,11,2
19986,74,3,6,5,0,2,6,1,0,0,3,7,3,11,1
27421,14,43,12,96,78,40,55,3,4,1,6,7,3,11,0
35688,94,73,3,90,12,1,32,7,4,1,4,8,3,11,3
36143,33,12,0,1,0,0,6,1,0,1,2,3,3,11,1
10245,32,4,7,7,6,4,13,3,1,2,2,5,3,11,1
43795,11,314,11,53,4,3,107,3,7,3,4,7,3,11,1
63381,78,571,50,142,33,50,159,4,4,5,13,2,3,11,1
38823,56,70,0,11,2,8,23,1,2,1,3,6,3,11,1
83664,57,866,21,151,28,21,86,3,2,2,12,5,3,11,2
90300,7,594,134,786,33,134,57,0,5,6,8,1,3,11,0
62499,0,140,4,61,0,13,4,2,3,1,6,4,3,11,1
74293,66,375,152,335,93,91,81,1,5,4,6,2,3,11,0
51012,86,102,9,63,2,9,24,1,4,1,4,6,3,11,0
70777,80,554,35,113,0,7,78,3,5,3,12,3,3,11,1
68682,56,919,0,505,99,30,45,1,4,9,10,2,3,11,0
43824,18,96,1,42,12,3,32,4,3,1,4,8,3,11,2
15345,51,5,2,16,3,2,19,2,1,1,2,8,3,11,1
23442,71,2,0,6,8,6,5,1,1,0,3,7,3,11,1
14515,71,6,4,9,6,36,35,4,2,2,3,7,3,11,1
31395,80,23,1,25,0,8,7,4,2,1,3,6,3,11,2
75276,2,610,105,125,137,42,21,1,9,4,9,5,3,11,0
42373,83,67,5,61,3,8,19,5,2,1,5,5,3,11,2
30507,29,65,36,74,38,20,110,1,5,1,4,7,3,11,0
55521,11,416,0,26,0,0,4,9,6,3,6,7,3,11,3
48006,55,23,0,11,3,2,2,1,1,0,3,6,3,11,2
27213,19,19,3,26,10,9,3,3,2,0,4,8,3,11,1
65808,1,155,7,80,13,7,10,3,5,1,5,6,3,11,2
30351,19,14,0,24,3,3,2,1,3,0,2,9,3,11,1
50437,28,370,9,92,6,9,4,3,7,1,8,7,3,11,2
23616,76,4,22,11,3,7,32,2,3,0,3,8,3,11,1
53858,50,407,53,221,58,150,26,4,4,3,6,4,3,11,1
66465,1,1200,0,204,38,29,14,3,11,9,12,6,3,11,1
46923,90,85,44,54,102,78,6,3,5,1,7,7,3,11,1
75072,83,583,34,309,0,22,125,2,5,4,8,3,3,11,1
75865,73,483,0,591,156,0,12,1,3,5,10,1,3,11,0
19789,24,2,5,9,28,6,28,3,2,1,3,5,3,11,1
80134,11,966,26,282,52,26,26,1,2,7,11,5,3,11,0
91065,33,822,114,108,179,137,114,1,7,9,9,3,3,11,0
49505,4,604,0,100,19,0,28,9,10,2,8,8,3,11,2
37401,14,19,3,19,3,1,3,2,2,0,3,7,3,11,1
30096,30,5,3,11,12,5,9,1,2,0,3,6,3,11,1
18492,75,2,2,2,2,1,1,1,1,0,2,8,3,11,1
82584,26,1076,68,103,29,91,68,1,3,4,8,1,3,11,0
93027,77,1285,42,716,55,0,21,0,7,10,5,2,3,11,0
48686,8,10,0,7,2,0,1,1,1,0,2,8,3,11,3
92910,42,551,137,792,179,103,33,1,6,7,13,1,3,11,0
75433,28,800,0,297,0,34,57,2,2,5,10,6,3,11,1
10404,52,2,2,11,10,6,12,2,1,0,4,5,3,11,1
61314,1,378,0,189,97,172,172,2,5,5,12,3,3,11,1
84865,1,1248,16,349,43,16,16,1,2,4,9,4,3,11,0
42387,42,235,0,235,19,4,191,5,8,1,7,8,3,11,1
67309,76,515,47,181,149,95,95,15,9,6,9,7,3,11,2
75236,27,438,66,400,12,38,114,1,8,3,13,4,3,11,1
30015,28,25,0,22,2,3,5,2,1,0,4,5,3,11,1
50943,49,31,0,7,2,0,6,1,1,0,3,5,3,11,1
67272,12,357,35,271,28,28,14,3,6,2,12,5,3,11,1
51529,14,400,4,35,6,0,22,2,9,1,5,8,3,11,1
32011,89,99,0,15,2,1,5,3,2,1,4,7,3,11,1
7500,96,1,11,5,4,6,9,2,2,0,3,8,3,11,1
28691,56,5,4,13,8,0,4,1,1,0,3,8,3,11,1
56223,72,77,28,31,16,0,4,2,2,1,5,4,3,11,1
18100,14,3,1,2,4,3,1,1,0,0,3,5,3,11,0
30279,13,10,4,14,4,4,1,1,1,0,3,8,3,11,1
20130,99,0,6,3,7,6,12,1,1,0,3,8,3,11,0
23295,72,0,0,1,2,12,5,1,1,0,2,8,3,11,0
42618,92,76,14,74,13,5,10,2,5,0,4,8,3,11,1
81246,87,398,190,537,61,156,37,1,4,5,7,1,3,11,0
24027,7,14,7,11,11,0,5,2,2,0,3,8,3,11,1
55707,91,208,7,82,30,66,35,2,3,2,9,3,3,11,1
57959,71,430,16,322,43,24,33,5,4,7,11,3,3,11,1
56796,24,656,38,161,62,47,37,3,8,9,7,7,3,11,1
36230,17,14,2,30,8,2,3,1,2,0,4,5,3,11,1
70829,87,141,70,106,72,19,23,2,4,2,8,3,3,11,2
65991,21,507,19,364,25,47,9,3,9,5,10,7,3,11,1
38988,90,164,24,103,12,3,42,7,5,1,6,8,3,11,3
89572,44,606,24,974,197,194,64,1,7,7,9,4,3,11,0
42207,71,116,11,72,3,17,46,4,4,1,5,6,3,11,1
50300,52,143,15,60,24,23,5,2,2,1,8,2,3,11,1
66664,78,398,96,447,220,96,32,1,5,7,6,3,3,11,0
60597,2,522,0,257,32,16,66,4,2,2,8,7,3,11,1
70165,60,161,0,253,199,191,122,1,3,7,11,1,3,11,0
50520,25,112,0,6,2,1,14,2,3,1,3,6,3,11,1
80124,47,483,84,398,205,84,241,1,3,7,8,1,3,11,0
33183,46,7,5,39,17,15,37,2,4,0,3,7,3,11,1
66582,83,789,25,420,16,38,0,1,2,8,9,1,3,11,0
75261,17,1239,17,413,23,34,17,1,5,6,5,2,3,11,0
31880,13,4,1,5,2,0,3,1,1,0,2,8,3,11,1
53790,86,335,42,127,28,5,5,3,7,2,8,6,3,11,2
49269,92,639,8,166,11,8,58,3,7,3,12,7,3,11,1
61456,47,563,76,384,84,192,89,4,6,10,13,4,3,11,1
37406,18,2,0,8,2,2,3,1,1,0,2,8,3,11,1
56937,81,746,8,125,11,8,8,7,8,6,9,6,3,11,1
38415,91,22,1,13,4,0,4,2,1,0,3,7,3,11,2
20518,58,4,1,6,4,1,9,1,1,1,2,5,3,11,1
62503,40,478,0,193,110,75,117,4,8,3,11,5,3,11,1
41644,67,20,3,4,2,0,2,2,1,0,3,3,3,11,2
55842,19,451,0,39,0,4,24,1,7,1,8,5,3,11,1
62010,93,371,22,39,6,0,92,4,6,2,7,5,3,11,1
41124,41,281,7,84,15,0,119,7,7,3,4,8,3,11,1
38961,60,19,7,19,0,1,24,1,2,1,2,7,3,11,1
37760,54,26,3,13,2,10,0,1,2,0,3,6,3,11,1
32233,26,138,15,35,25,11,72,2,6,2,2,9,3,11,1
43057,30,213,2,44,0,2,5,4,4,2,5,5,3,11,1
83151,93,407,28,100,120,74,18,1,5,9,4,3,3,11,0
78825,35,483,74,114,169,37,18,1,5,10,13,3,3,11,0
65104,4,738,0,232,13,20,50,2,3,5,7,7,3,11,1
60093,92,502,12,109,16,6,90,2,7,2,10,6,3,11,1
14045,24,11,0,5,2,1,1,1,1,0,3,7,3,11,1
28457,96,24,1,108,29,29,14,1,4,1,4,8,3,11,0
78952,11,1170,19,594,99,76,134,2,2,5,12,6,3,11,1
46310,99,185,2,88,15,5,14,2,6,1,5,8,3,11,1
76005,72,983,20,389,240,50,40,1,3,5,13,6,3,11,0
58308,77,691,0,69,10,0,130,4,2,6,3,8,3,11,1
55614,85,504,13,131,8,0,26,1,9,4,6,7,3,11,0
59432,88,317,25,265,25,19,12,3,5,3,11,5,3,11,1
55563,22,29,1,9,2,0,2,1,2,0,3,3,3,11,1
78642,83,1396,0,322,46,35,17,1,4,9,4,6,3,11,1
67911,63,529,0,356,63,28,0,3,6,7,11,3,3,11,1
65275,9,388,14,218,91,14,21,1,4,3,13,2,3,11,0
27203,92,13,2,21,4,0,24,2,1,1,2,8,3,11,2
48330,2,28,0,4,0,0,0,1,1,0,3,5,3,11,1
24279,6,16,36,21,20,62,108,1,4,1,3,8,3,11,0
64355,66,1047,0,140,67,38,153,2,4,3,12,8,3,11,1
50943,49,31,0,7,2,0,6,1,1,0,3,5,3,11,1
53653,29,815,10,239,28,10,108,2,10,4,12,6,3,11,0
65665,77,225,162,387,106,36,29,1,5,10,8,3,3,11,1
81217,77,493,70,324,146,40,84,1,3,7,11,1,3,11,0
34935,71,34,4,66,3,10,20,1,2,1,4,7,3,11,0
61250,49,382,138,65,60,26,59,6,5,2,12,5,3,11,1
39665,97,127,1,56,0,1,31,3,4,2,3,7,3,11,1
60152,6,325,83,300,86,58,91,1,6,4,12,3,3,11,1
48920,93,238,17,68,8,10,6,3,6,2,5,7,3,11,2
89120,78,1168,92,408,72,129,55,1,5,6,7,1,3,11,0
44124,62,284,0,55,0,6,52,4,6,2,5,8,3,11,1
81169,47,1288,20,613,80,61,27,1,5,7,9,2,3,11,0
36443,9,65,0,46,4,3,20,4,3,1,3,8,3,11,2
26095,77,11,7,9,3,1,11,1,1,0,3,7,3,11,1
71367,24,227,23,389,42,21,75,1,4,5,7,2,3,11,0
80184,19,1035,134,670,25,38,0,1,6,3,10,3,3,11,0
30630,67,27,1,12,2,0,10,2,2,0,3,7,3,11,2
73454,95,982,73,351,56,14,175,1,2,4,6,5,3,11,0
42691,48,179,2,64,38,17,58,1,5,1,6,5,3,11,0
70503,73,1379,33,216,0,33,66,1,2,4,9,6,3,11,0
25545,35,32,1,64,16,12,85,3,2,2,3,6,3,11,1
32880,76,8,4,15,7,6,2,1,1,0,3,8,3,11,1
77863,20,881,38,319,16,25,12,1,4,5,10,2,3,11,0
50353,72,141,15,153,67,31,35,1,4,4,6,3,3,11,0
61839,20,1000,155,379,224,17,120,1,4,8,4,8,3,11,0
49154,69,206,10,67,30,27,71,6,4,1,8,6,3,11,2
47682,80,162,61,83,97,57,61,4,4,3,8,5,3,11,1
72679,65,619,54,260,127,54,54,1,4,7,5,1,3,11,1
57954,52,456,4,24,0,0,9,7,8,2,6,7,3,11,2
65316,65,112,6,92,3,9,38,2,3,2,5,4,3,11,2
28567,57,11,3,22,2,2,6,2,2,0,3,6,3,11,1
47352,70,172,12,112,8,0,15,4,6,1,5,7,3,11,1
44931,0,78,0,11,0,0,7,1,2,1,3,5,3,11,1
76982,19,464,151,292,65,60,30,1,8,3,4,4,3,11,0
57247,50,99,4,32,37,54,6,2,2,1,7,2,3,11,1
22944,67,19,3,19,4,5,26,3,3,0,3,7,3,11,1
25315,46,1,9,8,11,3,22,3,3,0,3,8,3,11,1
43638,37,63,10,83,7,19,19,2,4,1,4,7,3,11,1
42710,38,252,3,42,4,3,102,2,4,5,3,6,3,11,1
84169,9,1478,19,403,0,19,0,1,7,6,6,3,3,11,0
54058,56,198,18,252,32,108,54,2,4,6,8,3,3,11,1
24683,98,8,4,10,6,7,6,2,2,0,4,5,3,11,1
85620,68,416,46,925,60,107,46,1,3,6,4,1,3,11,0
47850,72,42,7,43,20,12,10,1,3,0,4,6,3,11,1
19514,47,14,3,21,2,1,28,4,3,1,2,8,3,11,2
27159,33,17,0,3,0,0,1,2,1,0,3,6,3,11,2
39548,87,15,4,10,3,4,18,2,1,1,3,3,3,11,2
21474,0,6,16,24,11,0,34,2,3,1,2,7,3,11,1
60504,73,458,0,24,6,4,34,2,6,2,8,6,3,11,1
22419,74,30,3,47,19,21,42,1,3,2,2,8,3,11,0
81698,4,179,28,520,111,123,47,1,3,8,13,1,3,11,0
43462,50,90,17,97,15,6,15,6,4,1,5,8,3,11,2
54880,57,308,85,137,102,45,118,2,6,2,11,5,3,11,1
79908,30,557,129,761,29,185,111,1,5,6,7,2,3,11,0
15315,27,7,4,13,15,8,17,2,2,0,4,5,3,11,0
87771,61,1492,38,287,50,57,33,1,5,10,4,6,3,11,1
33039,4,30,8,12,8,8,12,1,2,0,4,5,3,11,1
81741,75,249,153,940,58,134,38,0,6,6,7,2,3,11,0
71499,12,465,25,132,136,0,37,2,8,3,13,4,3,11,1
62466,13,129,129,259,168,121,83,5,6,3,12,4,3,11,1
48799,9,174,18,81,28,6,24,3,3,2,7,3,3,11,1
52157,48,189,2,29,3,2,40,2,3,2,5,4,3,11,1
66565,80,747,10,161,65,40,42,4,4,2,9,8,3,11,1
29298,60,6,0,2,2,0,1,1,1,0,2,5,3,11,2
47691,43,14,0,3,0,0,4,1,1,0,2,6,3,11,1
38200,19,12,0,4,0,0,1,1,1,0,2,7,3,11,2
44989,26,98,0,106,49,10,106,5,5,1,5,6,3,11,1
38443,58,32,0,5,0,0,1,2,1,0,3,7,3,11,2
38593,42,51,12,49,17,24,24,3,4,1,3,8,3,11,1
64413,27,200,5,44,0,10,20,1,5,1,5,5,3,11,1
36959,56,25,6,25,6,0,0,2,2,0,3,8,3,11,1
61996,27,1050,12,144,0,0,24,3,6,4,8,5,3,11,1
51287,10,117,0,22,13,0,30,3,4,1,3,7,3,11,2
13260,48,9,4,17,10,2,7,4,3,0,3,8,3,11,2
47472,39,56,0,11,0,0,8,2,2,0,4,5,3,11,2
54603,85,145,13,46,17,2,4,6,4,2,4,7,3,11,2
45207,64,203,0,10,0,0,2,5,3,1,6,6,3,11,2
40689,69,270,3,27,39,6,99,7,7,1,5,8,3,11,1
47821,54,9,0,16,6,6,10,1,1,0,3,8,3,11,2
27450,57,37,12,23,8,11,52,1,2,1,3,7,3,11,0
39453,64,46,0,7,0,0,2,2,2,0,3,6,3,11,1
26850,10,31,1,13,7,2,9,4,2,1,4,4,3,11,2
79800,65,1060,21,530,32,0,224,1,5,11,5,3,3,11,0
61794,74,264,47,188,54,47,11,2,4,4,10,2,3,11,1
53863,4,399,4,30,6,4,30,3,7,1,7,7,3,11,1
24221,94,8,9,9,2,5,22,1,1,1,3,4,3,11,0
39684,41,19,0,35,6,4,17,2,2,1,2,7,3,11,1
92163,25,817,183,797,106,163,20,0,5,11,5,2,3,11,0
69882,94,292,127,635,132,127,165,1,3,7,9,1,3,11,0
33178,9,12,6,2,11,2,16,1,1,0,3,4,3,11,1
59973,47,130,30,168,20,34,0,1,3,4,7,1,3,11,0
17459,12,6,4,16,3,10,30,3,3,1,2,7,3,11,1
23910,80,16,12,18,7,1,13,1,2,0,3,7,3,11,1
42169,20,19,0,9,0,0,2,2,1,0,3,8,3,11,2
26224,39,4,7,15,13,9,15,3,2,1,3,6,3,11,1
31089,57,31,3,31,2,8,4,3,3,0,4,8,3,11,1
30081,27,36,0,2,0,0,4,1,1,0,3,7,3,11,1
62807,83,526,28,135,10,21,99,3,5,3,12,5,3,11,1
72906,79,400,32,519,71,75,54,1,3,4,9,1,3,11,0
61467,69,410,16,114,0,5,49,3,5,2,10,5,3,11,2
49618,77,80,3,26,4,2,14,4,3,1,3,7,3,11,2
21888,15,88,10,46,2,3,64,4,5,1,2,10,3,11,1
42429,99,55,0,6,2,0,4,2,1,1,3,5,3,11,1
26150,61,5,1,13,3,5,1,1,1,0,3,7,3,11,3
30801,23,8,4,5,15,2,11,2,1,0,3,7,3,11,1
81168,84,410,0,592,147,22,22,1,6,4,7,3,3,11,0
26877,74,101,13,76,20,18,40,2,3,1,6,6,3,11,0
45006,90,162,25,53,16,0,10,1,3,1,7,3,3,11,0
18978,41,2,8,1,4,7,15,1,1,0,3,8,3,11,1
22574,28,25,0,8,2,0,2,2,2,0,3,7,3,11,3
48240,73,389,91,248,64,49,41,3,6,3,13,5,3,11,0
45837,88,215,13,87,17,17,24,5,6,2,5,7,3,11,2
35791,94,27,0,5,0,0,3,2,1,0,3,8,3,11,3
162397,31,85,1,16,2,1,2,0,0,0,1,1,3,11,2
54162,31,5,6,10,6,5,10,1,1,0,3,4,3,11,2
30522,6,179,8,83,19,11,26,5,1,2,9,2,3,11,1
54456,23,352,0,27,10,0,15,3,6,1,7,6,3,11,1
31632,92,17,8,12,11,15,32,1,2,1,2,7,3,11,0
72298,52,625,35,169,58,17,35,1,4,3,6,1,3,11,0
36975,50,10,6,11,0,4,2,1,1,0,3,7,3,11,1
72635,54,390,22,323,104,35,107,1,6,8,6,3,3,11,0
13624,93,10,2,15,2,1,6,2,2,0,3,6,3,11,1
84196,56,215,63,507,231,31,190,1,8,4,7,3,3,11,1
70971,28,1001,17,572,93,125,17,7,11,11,5,7,3,11,1
34487,94,19,18,33,24,1,8,3,3,0,3,9,3,11,2
28769,76,41,5,129,10,3,3,3,4,1,4,9,3,11,1
69084,43,1181,107,199,39,30,30,2,7,3,13,8,3,11,1
65488,46,603,45,207,36,18,54,1,3,4,6,1,3,11,0
62466,13,129,129,259,168,121,83,5,6,3,12,4,3,11,1
32218,27,10,24,15,13,1,30,1,2,1,3,7,3,11,0
83917,12,514,22,732,42,198,79,1,6,7,7,3,3,11,0
46102,3,14,0,1,0,0,1,1,1,0,2,7,3,11,3
84574,72,387,20,713,38,54,163,1,9,11,11,5,3,11,0
56181,6,121,103,69,8,44,48,1,4,2,7,4,3,11,1
63120,53,965,69,279,54,41,69,5,8,4,9,7,3,11,1
73691,58,707,21,250,85,43,73,2,6,2,8,2,3,11,1
63381,78,571,50,142,33,50,159,4,4,5,13,2,3,11,1
76140,57,586,66,653,17,0,26,1,5,9,6,2,3,11,0
62859,37,1063,89,102,16,12,25,4,9,4,6,6,3,11,1
45906,20,305,3,27,4,3,144,2,5,4,4,5,3,11,1
77632,73,1200,105,758,0,42,147,1,4,2,6,2,3,11,0
46463,56,163,2,40,8,11,11,7,3,1,6,6,3,11,2
105471,36,1009,181,104,202,21,207,0,9,8,13,3,3,11,0
55282,9,125,6,73,8,4,19,1,3,1,6,4,3,11,1
78710,42,721,0,152,119,50,50,3,7,6,12,4,3,11,1
66886,28,315,4,62,41,31,146,2,7,1,7,5,3,11,1
98777,23,1000,19,711,125,115,38,0,4,6,9,1,3,11,0
29103,38,16,0,17,6,3,6,2,1,0,3,9,3,11,1
67445,63,757,80,217,29,80,11,5,9,6,12,6,3,11,1
50616,71,30,2,25,0,1,9,1,1,1,4,2,3,11,1
49431,9,219,3,100,26,0,17,2,7,1,5,8,3,11,1
153924,81,1,1,1,1,1,1,0,0,0,0,0,3,11,0
61278,87,111,3,28,2,6,15,2,3,1,4,6,3,11,1
26490,92,45,47,52,21,20,25,2,3,1,5,6,3,11,0
73059,36,410,112,420,0,82,71,1,9,3,13,4,3,11,1
46734,86,100,1,39,6,1,76,4,3,2,3,6,3,11,3
56253,83,509,0,65,7,11,5,4,7,2,9,6,3,11,1
19986,74,3,6,5,0,2,6,1,0,0,3,7,3,11,1
58330,87,445,53,213,104,98,151,1,6,4,13,4,3,11,1
25965,29,2,2,11,41,7,11,1,2,0,3,8,3,11,0
14661,88,4,1,11,6,2,2,1,1,0,3,6,3,11,0
18690,77,6,1,7,23,4,19,1,1,1,2,8,3,11,0
45068,25,14,0,3,0,0,3,1,1,0,2,7,3,11,1
21063,34,1,10,11,19,3,15,2,2,0,3,6,3,11,1
29187,43,26,0,6,0,0,2,1,1,0,3,8,3,11,1
54690,76,111,16,37,7,9,18,3,3,1,5,3,3,11,2
59304,81,418,61,428,80,51,10,3,7,8,10,5,3,11,1
59247,87,327,9,122,19,14,83,5,5,2,9,6,3,11,2
66731,33,371,159,194,58,106,141,4,4,3,6,3,3,11,1
77353,38,275,59,107,69,101,59,2,6,4,8,4,3,11,1
52614,63,789,0,142,12,9,38,2,2,4,8,8,3,11,1
26751,26,1,1,5,0,3,1,1,1,0,2,8,3,11,2
81300,17,1004,12,145,32,12,36,3,10,3,5,5,3,11,1
70337,75,187,81,149,25,43,91,1,2,2,12,1,3,11,0
36145,13,56,4,76,17,1,18,4,4,1,3,9,3,11,1
65295,19,365,32,117,34,110,6,1,3,3,13,2,3,11,0
68118,51,595,23,123,10,23,154,2,8,9,4,6,3,11,1
68743,81,1132,134,384,175,134,115,1,11,5,13,7,3,11,0
41039,32,34,11,137,179,61,45,1,8,1,5,8,3,11,0
38946,84,116,6,82,6,6,41,2,3,1,6,5,3,11,1
65777,87,565,32,435,28,32,54,1,2,8,6,1,3,11,0
66476,99,372,18,126,47,48,78,2,5,2,11,4,3,11,1
86857,96,899,102,838,133,102,40,1,5,6,10,2,3,11,0
160803,21,55,16,1622,17,3,4,15,0,28,1,0,3,11,0
77845,40,760,40,480,0,40,26,1,3,5,12,1,3,11,0
69476,3,260,86,559,63,9,67,1,4,6,4,2,3,11,0
50611,98,459,0,24,6,0,4,6,4,5,7,6,3,11,1
61209,73,466,0,224,119,49,99,1,5,3,4,2,3,11,0
42315,90,67,15,80,17,11,80,3,1,4,4,3,3,11,1
13084,29,2,0,7,3,7,10,1,1,0,3,6,3,11,0
47570,3,67,1,20,0,2,31,3,2,2,2,7,3,11,2
61923,94,92,4,18,3,3,6,1,2,1,4,3,3,11,2
34824,65,4,2,11,2,0,4,1,1,0,2,6,3,11,0
26518,33,20,1,28,3,3,2,3,2,0,3,8,3,11,2
45938,46,273,11,178,62,83,29,2,8,4,6,6,3,11,0
78468,29,434,22,388,104,22,34,1,10,7,10,4,3,11,0
78901,99,321,11,309,33,26,34,3,9,3,5,4,3,11,1
71427,26,212,123,177,15,64,23,2,8,2,8,4,3,11,2
71022,30,909,12,278,0,12,242,3,5,2,11,8,3,11,1
90247,27,1184,32,352,21,16,16,1,3,4,7,1,3,11,0
41335,24,112,19,21,16,14,5,3,4,1,4,7,3,11,1
71952,93,656,80,455,52,107,93,2,8,4,8,4,3,11,1
35682,34,23,0,8,6,2,18,1,1,1,3,2,3,11,1
43185,88,537,6,42,16,6,30,2,9,3,6,8,3,11,1
66375,96,712,0,45,0,0,191,3,2,4,5,7,3,11,1
35178,10,23,1,13,2,2,18,1,1,1,2,7,3,11,1
25252,26,1,3,4,2,2,6,1,1,0,2,8,3,11,1
55250,49,664,58,83,32,0,66,4,7,5,10,5,3,11,1
33249,11,6,10,21,19,14,42,2,2,1,3,6,3,11,1
58398,44,299,5,201,21,21,49,3,5,4,8,4,3,11,0
50272,75,99,13,66,43,8,4,3,4,1,5,7,3,11,1
76618,64,749,40,294,121,160,147,1,3,2,5,1,3,11,0
87305,19,345,25,501,63,138,80,1,5,3,8,2,3,11,0
25851,45,9,4,18,7,5,5,2,2,0,3,7,3,11,1
58710,77,440,81,368,0,122,174,6,11,5,9,6,3,11,1
45160,9,8,2,5,3,0,3,1,1,0,2,7,3,11,2
74806,1,670,9,249,0,28,9,2,5,4,5,4,3,11,1
59111,90,524,0,134,28,28,155,1,11,1,8,7,3,11,0
18988,43,6,0,6,2,1,1,2,1,0,3,7,3,11,1
72190,79,597,166,597,172,166,249,1,5,6,4,3,3,11,0
7500,19,7,0,12,13,7,32,5,4,1,2,9,3,11,1
44794,99,54,0,7,0,0,4,1,2,0,3,6,3,11,1
80395,62,445,25,706,80,76,48,1,6,5,12,2,3,11,0
75012,41,294,142,218,164,58,151,1,3,8,11,1,3,11,0
56962,60,292,3,77,10,3,26,7,6,3,5,7,3,11,3
89891,17,412,22,132,59,28,183,1,11,6,8,4,3,11,0
35946,24,8,0,3,0,0,0,1,0,0,3,5,3,11,2
53593,60,349,4,78,6,0,43,8,7,2,6,8,3,11,2
66373,57,328,9,124,12,24,109,7,4,2,10,3,3,11,2
45072,74,144,2,99,7,2,30,5,6,1,4,8,3,11,3
89694,22,1126,28,211,37,28,42,3,4,3,4,5,3,11,2
72025,46,967,0,617,43,50,0,1,4,8,13,2,3,11,0
67432,69,432,79,341,177,136,170,2,8,5,4,4,3,11,1
70545,29,138,39,63,55,18,21,1,4,1,7,2,3,11,1
17487,37,0,0,1,7,4,6,1,1,0,2,7,3,11,1
62882,26,509,133,497,78,24,97,2,7,5,6,4,3,11,1
64108,8,948,10,86,13,21,21,4,6,9,11,5,3,11,1
34941,26,39,2,25,4,3,24,2,3,0,3,8,3,11,2
48767,79,28,1,21,3,0,10,3,2,1,3,5,3,11,3
38702,71,13,11,24,13,8,40,2,3,0,4,6,3,11,1
82224,83,307,26,360,138,31,40,1,6,9,5,3,3,11,0
83844,57,901,31,345,75,31,191,1,4,4,11,1,3,11,0
17003,37,2,5,12,4,8,7,3,2,0,4,5,3,11,1
71163,30,283,17,372,138,106,44,1,3,8,12,1,3,11,0
33697,34,4,3,7,0,3,11,1,1,0,2,7,3,11,1
63564,0,769,80,252,15,34,65,1,10,10,7,6,3,11,0
83443,89,518,42,742,55,56,84,1,6,10,5,2,3,11,0
51518,92,350,8,66,17,4,4,2,3,2,10,3,3,11,1
58330,87,445,53,213,104,98,151,1,6,4,13,4,3,11,1
80952,20,778,178,689,41,27,44,1,8,5,11,8,3,11,0
75507,56,709,93,374,104,80,80,1,8,6,6,3,3,11,0
63855,28,359,35,314,93,116,89,1,7,3,13,4,3,11,0
62220,55,799,12,375,16,12,12,5,7,6,5,6,3,11,1
58512,25,895,10,101,13,0,152,5,3,4,8,8,3,11,1
40662,0,40,2,23,0,4,23,2,2,1,3,4,3,11,1
38829,86,76,0,7,0,0,16,1,3,2,2,5,3,11,1
35523,8,11,5,22,12,5,11,2,3,0,3,7,3,11,1
79146,33,245,16,223,21,43,16,2,8,1,8,6,3,11,2
78285,13,647,107,391,175,67,40,1,6,4,10,3,3,11,0
31626,12,39,1,9,2,1,34,1,2,1,2,7,3,11,1
75127,92,203,35,305,46,17,227,1,2,11,5,1,3,11,0
48726,90,138,3,38,4,0,59,3,3,2,4,6,3,11,1
74985,8,587,51,898,247,0,86,1,3,6,7,2,3,11,0
67430,6,595,97,291,127,133,121,1,11,5,12,6,3,11,0
46891,91,43,12,23,29,15,61,1,2,1,4,4,3,11,1
62058,52,301,7,74,10,0,58,4,6,1,7,6,3,11,1
72063,3,180,32,348,76,32,90,2,5,2,12,2,3,11,1
78939,57,794,115,243,150,0,205,1,8,5,6,3,3,11,0
42720,9,392,5,91,28,26,112,8,7,3,7,8,3,11,2
33622,22,39,1,22,3,4,12,3,2,0,4,7,3,11,2
6835,76,107,2,12,2,2,12,0,0,0,1,20,3,11,1
41452,86,13,0,3,0,0,0,1,1,0,2,7,3,11,2
40760,64,70,0,17,0,0,6,2,2,1,3,6,3,11,1
74250,90,680,11,392,75,0,0,1,2,11,4,1,3,11,0
51124,79,26,1,11,0,1,4,2,1,0,3,3,3,11,2
72258,28,522,0,522,227,120,134,2,6,9,5,2,3,11,1
71466,86,412,12,546,78,182,0,1,4,4,10,1,3,11,0
36283,42,6,5,5,8,0,5,2,1,0,3,4,3,11,2
20587,39,2,3,6,4,1,9,1,1,1,2,7,3,11,1
30467,8,1,3,8,2,5,5,1,1,0,2,7,3,11,1
31590,40,6,2,15,6,6,3,1,1,0,3,8,3,11,1
20425,5,4,12,5,3,16,17,2,2,0,3,7,3,11,1
17144,96,18,2,19,0,2,6,5,3,0,4,7,3,11,2
42564,28,324,48,186,39,18,198,6,6,8,4,7,3,11,1
43783,22,327,9,125,25,4,139,6,7,1,8,7,3,11,1
40780,30,229,27,71,13,3,34,4,7,1,5,9,3,11,1
62847,45,521,168,706,80,76,61,1,3,6,4,2,3,11,0
82017,58,184,23,446,30,23,23,1,5,4,7,2,3,11,0
16813,49,4,8,11,12,2,13,1,2,0,3,7,3,11,0
51267,37,183,2,64,7,2,12,4,3,3,5,4,3,11,2
46524,70,31,19,35,26,14,52,2,1,1,5,3,3,11,1
45183,33,219,3,60,12,9,12,1,4,1,7,7,3,11,0
70421,98,479,28,136,75,14,35,3,10,3,7,6,3,11,1
60161,17,584,44,212,46,8,177,3,11,4,8,8,3,11,1
73926,54,627,91,597,159,91,15,1,6,5,12,3,3,11,0
19329,39,24,1,16,12,2,5,3,4,0,3,8,3,11,1
61872,81,330,5,159,36,27,16,4,4,4,9,4,3,11,1
46984,71,19,1,10,2,1,8,1,1,0,3,5,3,11,2
34838,62,28,23,29,29,14,47,3,2,1,4,6,3,11,2
82716,8,606,148,228,15,148,22,1,6,8,13,2,3,11,0
48192,76,1039,43,204,153,58,29,3,2,8,12,8,3,11,0
49681,66,411,0,26,0,0,21,6,7,1,7,7,3,11,2
56850,83,34,1,19,2,7,0,1,1,1,3,2,3,11,1
55267,28,161,28,136,32,3,45,4,3,4,6,3,3,11,1
59666,87,623,53,178,23,17,133,7,3,2,8,8,3,11,2
72504,43,604,26,470,123,161,94,2,5,9,6,2,3,11,1
26872,0,3,10,8,3,16,32,1,1,1,2,6,3,11,0
21359,1,12,2,17,6,1,10,2,2,0,3,8,3,11,1
73170,1,184,174,256,50,30,32,1,5,4,6,2,3,11,0
52750,72,393,0,239,90,69,69,6,5,7,9,4,3,11,1
91820,72,410,73,747,76,161,30,0,5,5,12,1,3,11,0
65968,12,376,9,83,19,4,4,2,5,4,7,3,3,11,1
30772,89,7,2,4,2,1,4,1,1,0,2,6,3,11,2
22507,67,68,0,226,51,157,68,3,10,2,4,9,3,11,0
65685,54,642,14,49,0,7,57,1,9,2,9,5,3,11,1
25804,34,8,7,9,13,6,12,2,2,0,3,8,3,11,1
76412,15,840,53,804,23,71,17,1,5,4,8,3,3,11,0
22063,43,7,10,13,3,11,11,2,2,0,3,7,3,11,1
57091,0,464,5,64,7,0,37,1,7,3,7,5,3,11,0
22419,74,30,3,47,19,21,42,1,3,2,2,8,3,11,0
87771,61,1492,38,287,50,57,33,1,5,10,4,6,3,11,1
78353,51,752,122,476,39,153,34,1,10,2,11,8,3,11,1
93404,97,1279,15,287,20,0,15,3,3,4,7,5,3,11,3
37859,75,22,1,8,2,1,2,2,1,0,3,8,3,11,3
80995,83,860,28,409,73,56,56,1,8,9,4,4,3,11,1
16529,23,3,0,5,13,0,1,1,1,0,3,6,3,11,1
55412,65,10,5,28,11,1,8,1,2,0,3,5,3,11,2
48789,94,351,16,156,7,5,145,1,6,4,7,6,3,11,0
56575,42,421,5,90,0,16,10,3,7,3,7,5,3,11,2
25130,10,2,5,7,0,18,18,2,2,0,3,7,3,11,1
35441,94,25,1,9,2,1,1,2,1,0,3,8,3,11,2
71391,50,336,123,274,46,123,141,5,6,5,12,3,3,11,1
49494,46,191,9,97,0,6,82,2,6,1,5,7,3,11,1
81702,98,563,50,774,28,31,187,1,7,7,12,3,3,11,0
45889,42,31,0,6,0,1,8,1,1,0,3,6,3,11,1
56628,30,479,5,82,7,17,171,2,7,6,5,5,3,11,1
34026,11,18,6,15,12,8,17,3,2,1,3,5,3,11,2
40049,61,91,65,52,10,44,28,3,3,2,6,5,3,11,1
34176,12,5,7,24,19,14,20,4,3,0,4,6,3,11,1
19419,76,2,14,28,16,3,7,4,4,0,3,9,3,11,1
82504,2,362,50,431,134,35,54,1,3,6,7,1,3,11,0
81205,43,724,74,929,97,55,130,1,5,6,7,2,3,11,0
61618,27,605,91,399,0,45,205,2,3,6,8,3,3,11,0
55284,60,547,7,140,0,7,63,3,7,5,8,5,3,11,1
49980,79,104,1,54,13,9,14,2,3,1,5,5,3,11,1
15072,96,8,2,15,0,10,18,4,3,1,3,5,3,11,2
49166,17,224,2,25,7,0,110,2,5,3,3,6,3,11,1
65324,0,384,0,102,21,32,5,3,6,2,9,4,3,11,1
82347,38,556,54,845,202,133,63,1,7,7,10,3,3,11,0
30843,43,24,0,2,0,0,9,2,1,1,2,5,3,11,2
46374,1,408,0,21,0,0,17,3,7,1,7,8,3,11,1
60474,25,265,199,303,234,9,170,7,10,2,12,7,3,11,1
38576,2,34,0,7,0,0,0,1,1,0,3,7,3,11,1
55357,66,374,64,116,84,25,64,3,6,2,11,5,3,11,2
37758,49,27,2,10,0,0,1,2,1,0,3,8,3,11,2
85710,5,600,20,350,29,30,33,1,6,9,10,2,3,11,0
23228,71,13,2,18,6,1,0,2,2,0,3,8,3,11,1
44602,35,167,2,89,0,0,34,6,6,1,4,8,3,11,2
7500,94,0,2,3,4,1,5,1,0,0,3,6,3,11,0
38683,80,46,35,69,84,41,66,6,4,1,6,7,3,11,1
49514,61,88,39,78,58,13,93,2,6,1,4,7,3,11,1
57906,29,243,11,119,10,3,15,3,4,2,8,4,3,11,1
43456,0,275,11,68,25,7,7,3,5,1,8,5,3,11,1
19485,80,6,0,4,0,0,0,1,1,0,2,7,3,11,2
53172,54,121,62,90,68,20,125,3,2,3,8,3,3,11,1
30545,71,4,12,15,19,7,12,2,2,0,3,7,3,11,1
70123,27,1308,0,396,23,0,0,1,5,7,4,3,3,11,0
62450,61,515,47,267,62,66,38,2,5,5,4,3,3,11,1
21675,55,4,0,16,17,4,4,3,4,0,3,7,3,11,1
42395,35,48,13,57,24,15,25,4,3,1,4,7,3,11,2
61346,34,562,58,168,43,16,142,1,5,7,10,3,3,11,1
80812,95,769,22,500,210,143,33,1,4,8,5,2,3,11,0
42835,64,379,4,93,12,9,98,7,6,6,4,6,3,11,2
39922,30,29,12,59,19,1,36,2,3,0,4,8,3,11,1
86424,12,387,68,569,89,45,68,1,6,9,12,1,3,11,0
17117,96,12,23,38,30,18,7,4,3,1,3,9,3,11,1
24762,16,6,10,12,3,15,40,3,3,1,2,8,3,11,1
35797,16,27,1,14,4,1,21,2,2,0,3,8,3,11,1
36627,78,9,1,5,0,0,1,1,0,0,3,5,3,11,2
51111,83,22,0,19,6,5,3,2,2,0,3,6,3,11,2
86857,96,899,102,838,133,102,40,1,5,6,10,2,3,11,0
82072,67,889,55,685,168,92,129,1,3,2,13,1,3,11,0
46231,87,189,2,55,0,5,12,4,6,1,4,9,3,11,3
42243,34,48,0,2,0,0,5,2,2,0,3,7,3,11,2
51195,46,230,14,156,82,24,58,8,9,2,5,8,3,11,2
68092,7,852,60,207,78,36,48,2,2,6,10,5,3,11,0
31814,73,35,3,20,4,1,20,2,2,0,3,9,3,11,1
51390,54,205,20,47,23,2,56,6,5,2,5,5,3,11,2
76630,93,255,31,446,40,56,175,1,3,10,11,1,3,11,0
26868,52,0,0,1,8,3,2,1,1,0,2,7,3,11,1
48948,53,437,8,206,160,49,42,2,7,10,5,6,3,11,0
55260,81,825,8,53,11,0,242,2,8,10,5,6,3,11,1
64090,8,316,58,161,76,51,135,1,6,9,4,5,3,11,1
78331,97,756,138,354,160,169,61,2,10,6,7,4,3,11,1
37087,50,194,55,134,15,0,3,3,4,2,8,6,3,11,1
21846,38,7,17,18,6,10,26,4,4,0,3,8,3,11,1
81320,61,183,33,493,59,103,57,1,4,3,10,2,3,11,0
54137,46,171,0,11,0,1,20,2,4,1,4,6,3,11,1
66825,73,243,101,405,29,40,40,1,4,5,6,2,3,11,0
57100,19,181,21,69,39,3,96,1,3,3,6,3,3,11,0
58917,10,151,7,89,0,7,28,5,4,1,6,5,3,11,3
85072,94,494,92,391,194,11,241,1,3,4,10,0,3,11,0
86429,10,464,28,873,29,18,37,0,7,4,7,2,3,11,0
45684,37,5,1,5,10,0,7,1,1,0,2,7,3,11,1
47889,94,29,0,29,0,5,4,1,2,0,3,5,3,11,1
45921,23,102,9,49,24,3,12,1,2,1,6,4,3,11,0
78420,75,604,28,674,91,28,28,1,3,10,8,1,3,11,0
75114,40,571,12,523,63,60,24,1,3,10,5,2,3,11,0
52278,24,953,0,71,0,0,174,6,10,5,10,8,3,11,1
35641,11,63,3,67,8,9,28,2,3,1,4,7,3,11,1
95529,29,770,29,890,250,27,24,1,7,3,7,3,3,11,0
62820,51,398,61,265,138,61,53,1,3,4,6,1,3,11,0
73113,86,741,19,154,50,9,28,1,3,4,7,2,3,11,0
84169,9,1478,19,403,0,19,0,1,7,6,6,3,3,11,0
42607,30,156,29,56,30,32,47,2,3,2,7,3,3,11,1
74637,73,960,64,464,146,0,16,1,6,9,9,3,3,11,0
46015,25,38,0,2,0,0,6,1,1,0,3,7,3,11,2
72354,67,315,26,473,220,12,182,1,2,10,6,1,3,11,0
39858,67,15,20,25,2,7,26,1,2,0,4,6,3,11,1
34469,58,19,6,20,0,5,12,3,1,1,4,4,3,11,2
83033,82,812,99,431,237,149,33,1,11,4,10,5,3,11,1
24401,98,73,28,217,10,24,115,3,6,1,6,8,3,11,0
77583,93,372,23,384,250,12,108,1,4,5,9,2,3,11,0
74116,53,871,111,704,145,55,166,1,4,4,10,2,3,11,0
74293,66,375,152,335,93,91,81,1,5,4,6,2,3,11,0
68397,6,760,80,466,17,13,80,1,6,9,5,3,3,11,1
79632,42,471,0,510,99,21,12,1,6,4,9,2,3,11,0
46107,78,31,9,27,16,9,33,1,1,1,4,3,3,11,1
64950,29,819,0,72,12,0,63,2,11,2,10,7,3,11,1
25443,82,1,4,3,8,9,7,1,1,0,3,8,3,11,1
75127,92,203,35,305,46,17,227,1,2,11,5,1,3,11,0
32892,78,26,0,15,2,1,2,2,3,0,3,8,3,11,1
71796,54,354,21,311,167,75,32,1,9,3,4,4,3,11,0
67536,45,1253,0,447,23,71,35,3,11,5,11,8,3,11,1
55239,59,371,17,238,23,24,106,3,7,5,11,5,3,11,1
60554,8,588,7,76,110,15,15,2,8,4,9,6,3,11,1
64831,51,480,86,249,75,86,144,8,6,3,5,6,3,11,2
56067,51,517,12,54,16,6,120,2,7,4,7,5,3,11,1
82025,76,267,98,606,48,70,98,1,3,2,6,1,3,11,0
94384,62,1111,24,790,160,45,172,0,5,8,5,2,3,11,0
14906,86,7,7,14,7,16,15,3,2,1,3,7,3,11,0
51563,60,1166,0,48,0,0,36,1,4,4,10,8,3,11,0
57937,56,261,42,144,55,48,133,3,4,4,9,3,3,11,1
68274,83,135,25,51,23,25,46,2,4,2,5,3,3,11,2
39771,92,6,2,18,2,8,14,1,2,0,3,4,3,11,1
67893,31,711,28,142,49,18,47,2,3,2,9,8,3,11,1
27922,80,11,0,13,2,4,11,1,2,0,3,4,3,11,1
52190,39,42,0,17,0,0,18,3,2,1,3,5,3,11,2
44051,20,79,7,58,6,3,18,4,3,1,4,6,3,11,2
42767,53,20,6,43,19,5,38,1,3,1,2,8,3,11,2
46106,84,30,0,8,2,0,14,1,1,1,2,6,3,11,2
16927,50,20,2,23,3,1,4,5,3,0,4,8,3,11,2
59754,96,115,27,44,4,146,139,3,5,2,6,5,3,11,1
53700,94,263,5,233,69,41,83,4,5,5,8,5,3,11,1
59041,25,69,2,15,2,2,6,2,2,0,4,5,3,11,2
54237,48,267,3,30,4,0,57,4,5,2,5,6,3,11,1
70647,65,561,85,171,25,123,114,2,4,7,13,2,3,11,1
52597,69,492,0,37,7,0,42,3,6,3,8,5,3,11,1
41021,12,14,7,9,6,16,12,2,2,0,3,6,3,11,1
40233,84,80,4,46,0,17,2,5,2,1,5,6,3,11,1
50183,47,97,12,84,13,10,15,7,3,1,6,5,3,11,2
54753,87,197,107,227,7,59,131,3,5,2,11,4,3,11,1
92955,35,693,21,925,31,24,84,1,6,7,9,2,3,11,0
33471,47,43,2,27,0,9,12,3,3,0,4,7,3,11,1
34596,48,14,0,2,0,0,7,1,1,0,2,8,3,11,1
44010,46,186,36,234,86,72,48,6,10,2,6,9,3,11,1
84219,27,434,137,400,45,137,45,1,3,4,10,1,3,11,0
40706,37,59,0,11,4,2,5,4,3,0,4,7,3,11,3
15716,8,16,5,30,8,7,26,3,3,0,4,8,3,11,1
59052,29,230,35,75,63,57,31,3,7,1,7,5,3,11,1
80573,85,829,138,430,60,92,15,1,4,6,13,2,3,11,0
83715,2,318,8,407,150,35,8,1,2,8,13,0,3,11,0
82576,66,1206,55,445,168,18,18,1,2,4,12,1,3,11,0
56962,60,292,3,77,10,3,26,7,6,3,5,7,3,11,3
35704,54,30,9,12,2,11,30,3,2,0,4,4,3,11,2
53103,70,729,17,133,11,0,195,5,10,6,7,7,3,11,1
46779,55,12,1,3,0,0,7,1,0,1,2,4,3,11,2
4861,20,2,1,1,1,0,1,0,0,0,0,14,3,11,0
33462,78,22,3,18,0,0,11,1,2,0,3,7,3,11,1
63693,63,587,43,337,42,87,54,3,11,6,9,6,3,11,1
80763,17,674,168,108,192,42,231,1,5,11,6,3,3,11,0
65352,43,284,3,84,4,7,23,2,4,2,8,4,3,11,1
82170,13,1023,93,651,49,55,37,1,5,6,7,2,3,11,0
75759,46,1394,22,708,89,91,182,1,9,7,9,5,3,11,0
79689,65,311,26,640,180,37,121,1,4,9,13,2,3,11,0
35340,1,27,0,12,0,1,5,2,2,0,3,5,3,11,2
85683,6,1296,17,311,45,69,51,1,2,4,10,1,3,11,0
24884,32,3,6,7,0,0,3,1,0,0,3,7,3,11,1
42021,34,393,5,136,7,5,27,5,10,1,6,9,3,11,1
64449,70,218,63,282,137,35,70,4,5,3,12,4,3,11,1
64587,49,66,0,16,0,6,20,2,1,1,4,3,3,11,2
34824,65,4,2,11,2,0,4,1,1,0,2,6,3,11,0
75437,25,795,0,545,95,58,0,1,8,4,10,6,3,11,0
26091,84,15,10,19,8,17,20,3,2,1,3,5,3,11,2
52845,7,384,25,292,130,41,64,3,8,8,6,6,3,11,1
46086,34,244,8,32,7,2,50,4,3,1,8,4,3,11,1
78028,38,158,19,288,25,0,38,1,6,4,9,7,3,11,1
95169,1,1285,21,449,106,20,20,1,4,3,4,1,3,11,0
56337,25,349,16,144,28,5,182,5,8,5,4,8,3,11,2
22434,25,4,12,11,3,13,15,2,2,0,3,8,3,11,1
36930,50,223,2,31,0,2,39,5,5,2,4,8,3,11,1
36130,46,157,43,127,68,56,37,6,3,8,4,4,3,11,1
65569,96,397,46,288,20,38,70,2,6,5,10,3,3,11,1
83844,57,901,31,345,75,31,191,1,4,4,11,1,3,11,0
19514,47,14,3,21,2,1,28,4,3,1,2,8,3,11,2
36736,52,10,0,3,0,0,4,1,1,0,2,6,3,11,2
77568,30,1230,0,396,232,178,158,1,10,2,8,5,3,11,1
49187,63,81,1,31,2,1,0,1,1,1,5,2,3,11,1
30168,51,154,20,66,0,12,27,7,6,1,4,9,3,11,1
34053,14,63,0,21,7,0,12,1,3,0,3,8,3,11,1
38196,20,30,0,11,0,0,3,3,2,0,4,5,3,11,2
59412,56,90,67,165,30,43,11,1,4,2,8,3,3,11,0
70924,41,635,114,254,132,152,76,1,6,6,7,3,3,11,0
54165,72,127,4,73,15,6,11,1,2,1,7,2,3,11,0
32300,1,13,3,6,6,5,6,1,1,0,3,8,3,11,1
20180,27,18,42,24,15,20,18,1,2,1,4,7,3,11,0
34961,77,45,2,26,4,1,1,3,3,1,3,7,3,11,1
28440,87,38,1,24,0,0,0,1,2,0,3,8,3,11,1
64504,81,986,36,168,16,0,108,7,11,3,4,7,3,11,3
33564,51,61,0,3,0,0,7,1,1,1,3,5,3,11,1
17345,79,4,9,16,17,0,12,2,2,1,2,8,3,11,1
56320,11,201,53,172,116,77,83,3,5,4,9,4,3,11,1
28647,54,19,8,29,0,12,26,1,2,2,2,7,3,11,1
15038,93,4,8,11,19,12,26,2,2,1,2,9,3,11,1
32173,0,18,0,2,0,0,2,1,1,0,3,4,3,11,1
68316,54,806,80,161,120,11,33,5,10,7,10,6,3,11,1
74538,21,380,98,733,110,112,28,1,8,8,5,3,3,11,0
91700,58,576,172,961,125,115,19,1,8,6,5,3,3,11,0
68695,3,458,81,356,106,50,40,1,4,4,7,2,3,11,0
31056,99,5,10,13,3,8,16,1,1,0,3,8,3,11,1
79593,70,350,60,568,110,133,145,1,5,6,7,2,3,11,0
28071,65,39,33,130,41,26,44,2,5,1,5,8,3,11,0
37334,44,26,1,16,2,2,15,4,3,0,4,4,3,11,2
46423,6,68,0,16,0,0,8,3,2,0,4,7,3,11,2
37126,9,45,3,9,4,4,7,1,1,2,2,6,3,11,1
47703,95,359,0,134,13,26,123,4,6,3,8,5,3,11,1
61180,70,403,24,29,6,24,218,2,5,5,6,3,3,11,1
38998,92,34,1,14,0,0,5,3,2,0,3,8,3,11,2
8028,62,73,18,66,7,12,2,15,0,1,0,19,3,11,0
76081,85,292,30,415,63,33,200,1,4,5,4,2,3,11,0
34728,2,14,0,16,0,0,6,1,1,1,2,6,3,11,1
33168,0,80,1,37,0,1,3,3,2,1,4,7,3,11,1
33585,91,30,11,33,13,6,29,1,2,0,4,4,3,11,1
77037,3,463,96,333,168,53,10,1,7,7,12,3,3,11,1
35196,68,75,12,141,43,39,187,6,6,1,5,8,3,11,1
44529,98,538,13,91,17,6,26,6,6,2,11,5,3,11,1
70924,41,635,114,254,132,152,76,1,6,6,7,3,3,11,0
28764,16,8,0,3,0,0,1,1,1,0,2,8,3,11,2
69098,82,1315,22,780,145,0,178,1,7,8,9,5,3,11,0
25959,1,4,2,12,7,5,26,2,1,2,2,6,3,11,2
27100,64,12,0,13,2,0,10,1,1,0,3,7,3,11,1
70596,68,347,44,534,17,0,26,1,3,5,12,2,3,11,0
42557,98,192,5,53,0,5,15,4,6,1,4,8,3,11,1
53312,32,241,0,12,0,0,25,1,5,1,5,7,3,11,0
72228,87,631,28,491,30,14,56,1,6,7,8,3,3,11,0
67605,84,336,28,282,184,54,54,1,2,8,6,1,3,11,0
62845,3,1099,0,45,0,0,34,11,3,4,10,8,3,11,2
65196,34,743,19,181,12,0,200,2,7,6,11,5,3,11,2
42000,23,124,83,267,85,59,35,2,5,2,11,5,3,11,0
35860,37,15,0,8,4,2,20,2,1,1,2,5,3,11,2
65526,22,397,19,69,12,0,9,1,4,4,8,2,3,11,1
16860,19,10,4,4,3,3,14,3,1,1,3,7,3,11,2
83528,7,530,117,678,134,44,147,1,4,10,8,1,3,11,0
64176,52,1215,33,249,64,116,149,8,8,9,8,6,3,11,1
22304,91,3,2,7,0,4,2,1,1,0,2,8,3,11,0
67023,93,444,44,382,11,8,17,1,3,7,13,2,3,11,0
32892,78,26,0,15,2,1,2,2,3,0,3,8,3,11,1
70713,23,736,114,279,82,76,190,6,5,6,8,3,3,11,1
59925,83,473,21,176,19,21,56,3,9,2,9,6,3,11,1
39722,92,32,0,5,2,0,8,2,2,0,3,5,3,11,1
46610,4,288,10,30,4,10,125,1,6,1,6,6,3,11,0
88347,32,1050,178,555,77,138,118,1,4,7,9,1,3,11,0
87171,27,1001,44,107,58,44,44,1,6,7,11,2,3,11,0
26907,10,9,1,7,0,3,2,2,1,0,3,7,3,11,2
50014,9,234,14,77,19,10,42,2,4,1,8,5,3,11,1
41014,65,7,2,6,2,0,3,1,1,0,2,7,3,11,1
66294,68,251,108,334,65,92,117,1,4,3,5,2,3,11,0
36715,16,172,10,125,21,13,16,6,7,2,4,9,3,11,1
79456,12,565,42,548,64,83,99,1,5,6,4,3,3,11,0
40479,95,5,0,8,2,0,0,1,0,0,3,4,3,11,1
75345,16,918,57,842,99,38,133,1,5,8,6,3,3,11,0
54233,46,652,8,158,21,0,142,4,11,6,5,8,3,11,1
24163,3,4,1,7,2,1,2,2,1,0,3,4,3,11,2
84460,80,152,27,103,106,54,81,0,9,9,4,5,3,11,0
43776,77,8,0,9,2,1,3,1,1,0,2,6,3,11,1
71691,0,336,130,411,240,32,43,1,4,7,5,2,3,11,0
85844,62,938,19,843,25,95,38,1,6,6,7,2,3,11,0
39190,91,68,8,18,19,8,12,2,2,1,4,5,3,11,1
71367,24,227,23,389,42,21,75,1,4,5,7,2,3,11,0
38578,2,38,4,22,3,3,3,3,3,0,3,8,3,11,2
57236,22,105,0,9,2,1,4,3,2,1,4,3,3,11,2
61825,56,162,50,100,55,30,27,1,4,2,8,4,3,11,1
79803,54,574,8,216,21,16,33,1,4,3,5,1,3,11,1
80910,71,160,80,369,67,39,41,1,3,3,8,1,3,11,0
27590,38,6,0,5,0,0,1,1,1,0,2,7,3,11,1
56775,62,614,35,160,58,35,35,2,5,8,10,5,3,11,1
83829,78,897,161,430,186,161,27,0,4,7,6,1,3,11,0
54210,18,70,54,109,80,9,45,2,4,1,7,5,3,11,1
38508,95,120,19,206,25,19,54,6,7,2,5,8,3,11,1
53187,66,211,2,30,7,7,10,2,4,1,6,5,3,11,1
30023,28,11,0,16,7,6,21,1,2,0,3,8,3,11,1
76045,78,760,53,400,17,93,0,1,4,5,11,2,3,11,0
50870,13,53,0,8,0,0,2,1,2,0,3,5,3,11,1
15315,27,7,4,13,15,8,17,2,2,0,4,5,3,11,0
65463,17,391,32,70,21,32,16,2,6,2,9,5,3,11,1
66480,71,199,9,57,20,21,6,7,4,1,7,4,3,11,2
76773,79,516,56,449,86,33,16,1,2,2,11,1,3,11,0
81698,1,709,45,115,30,160,45,1,8,2,5,5,3,11,0
54466,78,12,0,4,0,0,0,1,1,0,2,5,3,11,2
98777,23,1000,19,711,125,115,38,0,4,6,9,1,3,11,0
16269,75,19,3,18,3,1,0,3,3,0,3,8,3,11,1
71819,70,1224,28,140,0,14,168,3,3,3,5,6,3,11,1
33569,10,16,2,18,3,0,24,1,1,1,2,8,3,11,1
36262,24,88,39,54,64,28,153,1,3,5,3,6,3,11,0
22634,47,2,23,11,8,6,46,1,2,1,2,8,3,11,0
47025,98,508,11,59,23,5,29,5,11,1,6,9,3,11,1
70566,4,381,28,215,84,28,21,2,6,5,9,3,3,11,1
31605,15,74,0,42,2,1,6,2,2,1,4,7,3,11,1
52034,67,146,0,93,7,13,73,5,4,2,5,7,3,11,2
48526,32,23,17,23,43,20,9,1,2,1,4,3,3,11,1
46734,40,110,5,137,26,23,29,2,6,1,5,7,3,11,1
39552,54,165,3,147,4,24,41,7,6,2,5,8,3,11,2
86358,78,957,47,494,82,47,95,4,5,3,6,8,3,11,2
46931,94,41,0,17,3,1,16,2,1,1,3,3,3,11,3
16581,51,1,3,4,2,3,11,1,0,0,3,4,3,11,0
63998,42,176,29,818,0,33,112,1,7,6,11,4,3,11,0
67381,67,815,8,53,11,0,70,4,2,2,9,7,3,11,1
25930,87,6,1,2,2,0,4,1,1,0,2,7,3,11,2
42693,29,8,4,20,6,3,16,1,1,0,3,5,3,11,1
85606,89,717,42,864,219,30,84,2,6,7,9,3,3,11,1
72903,74,1067,138,750,0,19,39,1,7,5,8,4,3,11,0
49669,97,166,5,107,11,8,29,2,5,1,6,6,3,11,1
36778,63,29,4,34,2,4,4,3,3,0,3,9,3,11,2
85696,88,714,76,395,116,0,12,1,4,6,9,1,3,11,0
10979,34,8,4,10,2,2,4,2,3,0,3,5,3,11,0
49678,81,229,5,56,3,2,20,2,6,2,4,7,3,11,1
56129,65,320,48,133,39,72,48,4,6,2,10,4,3,11,1
37155,51,23,0,26,7,15,3,1,2,0,4,5,3,11,1
21282,76,1,5,8,4,8,20,2,2,1,2,6,3,11,1
33419,76,56,0,12,0,0,18,2,2,0,4,7,3,11,1
63285,84,508,124,249,50,38,134,1,6,5,13,3,3,11,0
21255,56,29,0,25,2,2,3,4,2,1,4,4,3,11,1
42162,31,46,7,59,2,4,27,2,3,1,3,6,3,11,1
54450,0,454,0,171,8,19,32,12,9,2,8,8,3,11,2
57744,91,350,3,39,0,0,19,2,9,1,4,8,3,11,1
26576,40,10,0,8,0,0,9,1,1,0,2,9,3,11,1
57513,59,735,40,183,52,20,30,2,9,3,13,6,3,11,0
68142,96,897,126,196,91,112,37,3,10,4,7,6,3,11,1
7500,61,5,2,3,3,0,5,1,1,0,2,8,3,11,1
83145,14,777,35,731,39,137,114,1,5,9,11,2,3,11,0
54197,16,162,6,37,6,13,13,2,1,3,6,1,3,11,1
23091,98,35,0,11,0,0,2,4,2,1,3,7,3,11,2
46049,11,342,9,112,19,14,19,10,5,2,9,7,3,11,2
56715,52,258,105,239,237,172,9,1,7,3,4,4,3,11,0
79410,19,658,80,483,123,13,13,1,3,2,5,1,3,11,0
57304,61,356,80,329,138,17,106,2,7,6,10,5,3,11,1
44375,73,213,5,28,7,7,41,1,4,1,6,5,3,11,1
54450,0,454,0,171,8,19,32,12,9,2,8,8,3,11,2
59594,74,457,4,29,0,0,9,1,8,1,7,7,3,11,1
80685,55,241,45,604,34,26,54,1,6,4,10,2,3,11,0
40344,48,210,0,6,0,0,2,2,4,1,5,7,3,11,1
62710,53,441,35,83,7,29,11,4,4,2,12,4,3,11,1
48985,13,19,13,18,10,7,8,1,1,1,3,3,3,11,1
35322,34,28,9,37,12,7,13,3,2,0,4,8,3,11,3
77142,54,476,75,162,29,151,97,1,4,4,8,2,3,11,0
81657,69,364,40,425,158,60,50,1,3,4,8,1,3,11,0
14421,81,0,0,2,3,3,8,1,1,0,2,5,3,11,0
20130,99,0,6,3,7,6,12,1,1,0,3,8,3,11,0
74214,3,863,83,547,86,99,33,1,8,2,5,5,3,11,0
66726,61,349,7,35,0,0,47,3,8,2,4,7,3,11,2
23724,65,5,23,15,0,18,14,2,2,0,3,8,3,11,1
47353,93,184,2,19,8,8,4,3,2,2,6,5,3,11,1
33444,24,8,0,8,0,0,2,1,1,0,2,8,3,11,2
54386,8,277,21,64,62,21,25,2,3,2,10,3,3,11,1
28510,72,44,5,19,0,4,19,3,2,0,4,5,3,11,2
90638,29,1156,120,915,94,144,96,1,3,4,10,1,3,11,0
48070,33,373,14,83,6,9,19,3,8,2,6,7,3,11,1
43140,68,134,8,76,6,0,11,1,4,1,5,6,3,11,1
54959,55,1148,0,60,0,0,24,3,9,5,4,7,3,11,1
15056,76,6,12,3,21,6,40,5,2,2,3,5,3,11,2
26954,17,4,1,11,0,0,1,1,1,0,2,7,3,11,1
22327,94,5,4,8,2,0,5,1,1,0,3,5,3,11,1
44393,86,24,2,20,2,2,10,2,1,0,4,4,3,11,2
62000,25,899,0,101,0,0,20,1,6,6,13,4,3,11,1
31497,22,108,1,28,13,1,4,2,3,1,4,8,3,11,1
45894,15,27,2,7,0,2,13,1,1,0,3,5,3,11,2
78579,35,816,66,549,216,66,99,1,5,6,4,3,3,11,0
67369,81,1298,0,70,37,14,42,4,7,4,10,4,3,11,1
58401,55,10,0,11,17,29,29,1,1,2,2,4,3,11,1
62307,94,87,13,34,10,6,10,1,4,0,4,5,3,11,1
43641,50,57,2,51,4,2,23,3,2,1,4,6,3,11,2
63841,64,635,15,100,20,7,131,1,9,3,9,6,3,11,1
46891,91,43,12,23,29,15,61,1,2,1,4,4,3,11,1
70091,11,964,34,137,15,0,11,2,5,2,10,8,3,11,1
78075,72,572,8,259,34,35,80,1,3,5,5,1,3,11,0
59184,6,341,142,113,259,151,66,3,6,6,12,5,3,11,1
54809,0,63,6,57,13,13,22,4,2,1,5,4,3,11,2
58113,66,221,104,169,102,78,84,3,9,2,8,7,3,11,1
51412,42,140,3,29,4,5,14,2,3,2,4,4,3,11,1
15287,60,1,2,8,4,3,13,2,1,1,2,7,3,11,1
66636,64,291,10,689,84,10,0,1,3,4,9,1,3,11,0
50965,87,544,13,85,8,6,29,3,10,4,5,8,3,11,1
84618,96,684,100,801,21,66,0,1,6,9,10,2,3,11,0
18351,1,1,12,9,0,14,7,1,2,0,3,7,3,11,0
40451,54,35,0,4,0,0,10,1,1,1,2,5,3,11,2
36317,53,87,3,25,3,2,13,2,3,0,4,7,3,11,1
42213,96,309,3,24,4,3,20,2,5,1,7,7,3,11,1
65748,58,172,73,93,95,78,34,2,2,4,10,1,3,11,1
77044,12,625,38,242,50,34,76,2,7,11,11,4,3,11,1
74918,78,972,59,913,25,19,59,1,5,9,6,3,3,11,0
56721,64,157,6,39,6,13,75,5,4,1,5,6,3,11,2
42160,26,48,9,45,3,15,20,4,2,1,4,6,3,11,2
61559,8,279,83,88,32,14,34,1,4,2,10,3,3,11,1
33629,49,132,0,16,0,0,4,5,3,1,4,9,3,11,2
68682,56,919,0,505,99,30,45,1,4,9,10,2,3,11,0
34377,55,62,0,22,3,1,26,2,2,2,2,7,3,11,1
8940,25,1,45,3,4,6,42,3,3,1,3,8,3,11,1
26228,50,2,6,4,3,1,9,1,1,0,2,8,3,11,1
77297,84,408,61,109,48,122,41,1,5,7,9,4,3,11,0
40211,30,51,1,7,2,1,25,2,2,1,2,8,3,11,2
33438,81,62,1,16,3,2,6,4,2,1,4,5,3,11,2
75032,74,952,12,180,47,12,12,2,5,4,9,3,3,11,1
61284,76,618,15,106,20,7,45,1,11,2,8,6,3,11,0
22518,36,11,7,12,2,2,27,2,2,1,2,5,3,11,1
54730,64,318,3,17,4,7,56,5,4,1,8,4,3,11,1
38452,62,56,0,14,0,0,2,3,3,0,3,7,3,11,2
44421,53,110,5,59,7,1,7,5,5,0,4,8,3,11,2
38197,86,23,0,11,2,1,3,1,1,0,3,5,3,11,1
41986,15,27,5,8,8,3,12,3,3,0,4,4,3,11,1
28427,67,18,3,19,3,3,6,2,2,0,3,8,3,11,1
37395,47,18,0,9,0,1,11,1,1,0,3,6,3,11,1
64722,47,303,0,280,60,147,15,4,8,2,11,6,3,11,1
55249,81,97,1,19,2,0,11,1,2,1,4,3,3,11,1
84906,98,997,15,414,99,30,76,1,5,6,12,2,3,11,0
28691,56,5,4,13,8,0,4,1,1,0,3,8,3,11,1
44213,48,95,11,35,0,4,7,4,2,1,5,6,3,11,2
25707,18,1,6,2,3,6,3,1,1,0,3,7,3,11,1
59062,74,46,1,12,3,0,9,2,2,0,3,4,3,11,3
76624,68,411,106,147,54,115,66,1,5,10,7,1,3,11,1
66000,36,244,51,270,101,0,45,1,1,3,5,1,3,11,0
27683,90,152,9,121,12,12,45,4,6,2,4,8,3,11,1
1730,65,1,1,3,1,1,1,15,0,0,0,20,3,11,0
7500,63,10,17,18,8,26,40,4,3,2,2,9,3,11,1
40521,82,12,0,5,0,0,4,1,0,1,2,5,3,11,2
20427,63,5,0,4,0,0,1,1,1,0,2,8,3,11,1
65106,55,790,19,133,12,0,19,3,8,3,13,6,3,11,1
69969,64,882,29,514,38,29,44,1,4,2,6,3,3,11,0
67433,51,615,28,259,12,48,30,4,6,5,13,4,3,11,2
77766,97,1004,59,265,115,59,27,2,11,10,11,6,3,11,1
74716,92,133,27,421,13,195,71,2,7,3,5,4,3,11,1
68118,51,595,23,123,10,23,154,2,8,9,4,6,3,11,1
55158,72,293,0,87,4,11,23,4,7,2,5,7,3,11,2
62972,39,313,15,47,20,0,192,2,7,4,3,6,3,11,1
74190,49,151,81,86,168,91,64,2,4,2,11,2,3,11,1
39356,21,15,0,2,0,0,6,1,1,0,2,6,3,11,2
76653,91,736,63,946,219,189,126,1,4,7,11,2,3,11,0
35860,37,15,0,8,4,2,20,2,1,1,2,5,3,11,2
90687,98,982,17,672,23,34,51,1,6,2,8,2,3,11,0
73450,85,1142,51,415,90,69,37,1,7,8,11,3,3,11,0
31454,40,28,0,11,0,0,9,3,2,0,3,8,3,11,2
47139,2,46,0,12,0,2,23,2,2,1,2,7,3,11,2
83829,78,897,161,430,186,161,27,0,4,7,6,1,3,11,0
53378,41,489,6,152,8,6,132,10,9,4,6,8,3,11,2
19656,94,25,4,9,6,8,32,3,2,1,3,7,3,11,1
45579,10,145,1,33,2,1,1,1,4,1,4,6,3,11,1
85485,73,630,26,611,44,18,54,1,6,6,6,2,3,11,0
55956,22,760,38,104,50,9,38,2,7,3,4,4,3,11,0
64191,30,420,15,186,151,38,15,3,5,3,13,3,3,11,1
38808,21,125,17,52,3,19,30,4,5,1,4,8,3,11,1
57183,51,464,5,64,7,0,70,8,9,1,7,8,3,11,2
23748,97,6,6,29,12,15,8,3,2,1,3,8,3,11,1
66303,56,1090,12,96,16,12,60,4,3,4,11,8,3,11,1
37368,4,3,2,11,2,2,10,1,1,0,2,6,3,11,1
40800,77,24,0,27,8,30,10,2,3,0,3,7,3,11,3
71847,95,737,21,106,55,63,210,0,6,7,9,3,3,11,0
46149,36,254,6,71,4,0,27,5,5,1,7,5,3,11,1
78687,13,817,185,687,145,55,241,1,4,6,8,2,3,11,0
49118,90,620,54,239,99,98,119,2,9,7,10,7,3,11,0
37633,49,13,4,20,0,0,1,2,1,0,3,9,3,11,2
39767,18,113,61,204,34,26,47,2,7,1,7,8,3,11,0
26997,89,7,23,78,133,49,144,2,4,2,5,7,3,11,0
33986,43,16,2,18,2,1,5,1,1,0,3,7,3,11,1
57091,82,462,0,24,6,0,4,2,9,2,5,7,3,11,1
46831,84,22,2,10,6,4,34,2,1,2,2,4,3,11,2
83151,80,968,147,842,137,42,210,1,5,7,10,2,3,11,0
52531,68,283,112,151,51,72,125,2,7,2,10,6,3,11,0
15759,12,1,2,5,6,0,3,1,1,0,2,7,3,11,0
22804,75,14,1,7,2,1,1,1,2,0,2,9,3,11,1
43050,10,30,5,24,6,3,8,2,2,0,4,5,3,11,1
42997,91,4,0,5,0,1,5,1,1,0,2,7,3,11,2
48918,21,52,0,9,0,0,1,2,1,0,4,4,3,11,2
60033,28,62,1,57,19,11,48,2,2,1,5,2,3,11,1
34043,97,20,2,14,3,0,10,1,2,0,2,9,3,11,1
57811,49,545,7,114,37,21,78,5,7,2,11,5,3,11,1
78569,14,558,79,622,207,175,95,1,4,6,4,1,3,11,0
7500,5,6,5,4,13,4,25,4,2,1,3,6,3,11,2
157733,37,39,1,9,2,0,8,0,1,0,1,1,3,11,1
94384,62,1111,24,790,160,45,172,0,5,8,5,2,3,11,0
23148,83,4,6,8,6,3,10,1,2,0,3,7,3,11,0
44267,48,183,5,65,3,5,49,5,5,2,4,9,3,11,2
71626,94,546,72,376,94,145,72,1,5,5,8,3,3,11,0
60894,61,606,7,155,10,0,54,5,10,3,8,7,3,11,1
50200,70,266,6,51,8,6,64,6,7,1,5,8,3,11,2
81051,43,1142,29,249,38,29,14,1,5,5,12,2,3,11,0
65169,23,1074,0,69,0,0,46,1,10,4,13,6,3,11,0
59868,37,771,51,154,54,10,154,7,11,2,12,6,3,11,1
65695,50,371,32,189,0,58,6,2,5,4,10,4,3,11,1
64857,78,556,14,717,210,0,43,1,7,5,10,4,3,11,0
45143,74,202,5,74,11,5,14,3,6,1,5,7,3,11,1
74805,14,209,162,209,41,162,37,5,4,7,10,2,3,11,1
59060,77,35,40,111,36,40,12,3,3,1,7,4,3,11,1
27238,39,37,0,17,0,0,3,3,3,0,3,9,3,11,2
47009,89,171,45,73,59,10,90,4,3,2,8,4,3,11,1
46094,62,12,2,20,3,2,5,1,1,0,3,7,3,11,2
40321,59,44,4,21,6,0,27,2,3,0,3,7,3,11,2
37235,68,20,2,9,4,6,20,1,1,1,2,4,3,11,1
81843,13,779,86,537,34,69,138,1,5,9,12,3,3,11,0
46692,37,170,6,97,24,12,88,3,6,1,5,6,3,11,1
77382,36,491,48,231,112,105,134,2,5,7,12,1,3,11,1
37774,28,173,8,107,7,2,176,4,7,2,3,9,3,11,2
18393,2,7,10,13,16,0,4,2,3,0,3,8,3,11,1
72828,17,1205,0,235,19,14,205,6,6,3,13,7,3,11,1
24711,86,10,7,25,6,3,7,1,3,0,3,7,3,11,0
45503,54,97,4,44,6,1,18,1,3,1,4,5,3,11,1
6560,2,67,11,26,4,3,262,0,1,0,1,17,3,11,0
71604,3,345,53,528,98,75,97,1,8,3,5,4,3,11,0
27244,84,6,5,17,3,24,46,2,2,2,2,7,3,11,1
48752,8,73,57,100,71,15,0,5,6,1,5,9,3,11,2
71434,4,711,36,217,172,96,168,3,7,4,7,4,3,11,1
90842,57,774,70,118,182,187,93,1,4,9,13,1,3,11,0
88097,24,163,0,480,0,126,75,1,6,5,8,9,3,11,1
51948,51,82,33,54,71,30,41,2,5,2,4,5,3,11,1
71853,29,358,108,413,141,97,32,1,2,8,6,1,3,11,0
35876,13,66,2,40,4,3,14,1,3,1,3,6,3,11,0
40049,23,13,6,7,0,3,3,1,1,0,3,6,3,11,1
39660,36,139,13,78,20,13,36,3,7,1,3,9,3,11,1
50127,88,274,0,21,4,6,15,1,5,1,6,6,3,11,1
43263,2,262,6,61,0,10,102,3,5,2,6,5,3,11,1
62845,3,1099,0,45,0,0,34,11,3,4,10,8,3,11,2
18929,15,32,0,8,23,4,18,1,1,0,4,6,3,11,0
24367,58,2,4,2,0,11,5,1,1,0,2,9,3,11,1
33249,11,6,10,21,19,14,42,2,2,1,3,6,3,11,1
26887,27,6,7,4,3,4,6,1,1,0,3,6,3,11,1
50150,32,135,46,92,65,61,11,2,5,2,7,5,3,11,0
62061,12,641,7,84,0,30,38,3,10,4,7,6,3,11,1
85696,88,714,76,395,116,0,12,1,4,6,9,1,3,11,0
76542,91,794,73,573,0,29,14,1,4,8,10,2,3,11,0
70515,12,420,0,452,182,64,140,1,6,6,4,2,3,11,0
18227,21,1,2,7,4,3,11,1,0,1,2,8,3,11,1
69139,23,86,12,75,33,15,6,1,4,1,5,4,3,11,1
69109,10,823,25,459,124,29,95,1,6,6,7,4,3,11,0
69627,35,231,161,215,171,30,53,2,8,2,11,5,3,11,1
38136,69,8,15,27,0,20,33,2,3,1,2,8,3,11,1
62159,68,182,17,259,77,70,29,1,6,2,10,4,3,11,0
80695,85,557,129,984,193,37,18,1,5,8,5,2,3,11,0
33316,34,79,1,31,4,4,12,3,2,1,4,6,3,11,2
58554,55,368,24,68,38,0,88,6,8,2,6,7,3,11,2
17256,10,6,4,14,8,8,22,2,2,1,2,8,3,11,1
53034,30,160,15,196,15,11,50,8,6,1,7,8,3,11,2
52203,36,488,21,238,56,108,28,1,8,7,11,6,3,11,0
59601,14,691,7,69,0,7,23,4,2,2,7,8,3,11,1
75154,79,543,10,205,160,143,82,1,6,3,6,3,3,11,1
47025,52,254,7,108,20,0,26,3,6,3,5,6,3,11,1
37971,97,5,4,10,2,2,7,1,1,0,3,8,3,11,1
41335,24,112,19,21,16,14,5,3,4,1,4,7,3,11,1
67267,0,134,11,59,15,2,30,1,3,2,5,2,3,11,1
57338,96,143,6,52,11,8,17,2,4,1,5,5,3,11,1
50523,89,51,4,24,4,7,1,2,2,0,4,6,3,11,2
35791,94,27,0,5,0,0,3,2,1,0,3,8,3,11,3
50611,98,459,0,24,6,0,4,6,4,5,7,6,3,11,1
56242,72,689,8,167,11,8,88,5,8,4,11,6,3,11,1
48904,1,283,10,38,0,13,27,4,7,2,4,8,3,11,1
56243,26,347,0,35,4,3,7,6,4,2,8,5,3,11,3
21355,5,5,13,14,0,5,31,2,2,1,2,6,3,11,1
57420,22,280,0,18,0,0,24,3,5,1,6,7,3,11,1
46390,56,95,14,64,2,9,38,1,4,2,3,7,3,11,1
54342,74,84,10,34,11,10,28,4,3,1,4,6,3,11,2
20895,24,18,3,17,3,0,4,1,2,0,3,9,3,11,1
92344,9,992,24,694,51,19,119,0,5,10,5,1,3,11,0
26907,10,9,1,7,0,3,2,2,1,0,3,7,3,11,2
44964,35,19,1,17,2,0,2,1,1,0,3,8,3,11,2
75507,56,709,93,374,104,80,80,1,8,6,6,3,3,11,0
53761,7,158,0,76,13,7,71,6,4,4,3,5,3,11,2
22682,51,10,14,29,4,2,36,3,2,1,4,4,3,11,1
38887,17,25,1,13,0,0,3,1,1,0,3,7,3,11,1
41658,30,8,4,12,15,4,29,2,1,1,2,4,3,11,2
29791,21,14,0,6,0,0,0,2,2,0,3,5,3,11,1
63915,2,622,7,115,30,0,15,2,6,3,12,5,3,11,2
39996,85,11,0,3,0,0,1,1,1,0,2,6,3,11,2
26759,65,25,3,16,8,5,2,2,2,1,3,6,3,11,1
63841,64,635,15,100,20,7,131,1,9,3,9,6,3,11,1
51039,11,100,64,79,65,0,109,2,6,2,4,7,3,11,2
60544,92,201,2,43,3,5,35,4,5,1,5,6,3,11,2
65685,54,642,14,49,0,7,57,1,9,2,9,5,3,11,1
37716,4,97,1,41,6,2,41,2,4,1,3,7,3,11,1
36864,53,204,5,39,17,0,89,3,5,2,4,8,3,11,1
44511,39,513,7,133,46,14,14,6,8,4,8,8,3,11,1
36947,49,88,3,21,4,1,29,4,3,0,4,9,3,11,2
47352,70,172,12,112,8,0,15,4,6,1,5,7,3,11,1
67087,40,329,35,222,130,35,43,2,7,5,8,4,3,11,1
57045,40,296,13,104,11,13,17,3,4,2,9,3,3,11,1
36957,43,100,2,16,2,1,31,4,3,2,2,9,3,11,2
69389,17,422,7,238,69,46,15,1,7,2,12,4,3,11,1
80134,40,1218,16,272,104,0,80,2,5,3,6,6,3,11,1
43142,84,5,1,7,2,1,4,1,1,0,2,7,3,11,2
80589,25,507,93,520,242,40,26,1,5,10,5,1,3,11,0
34412,62,52,12,50,4,36,55,3,5,0,3,9,3,11,1
57537,83,191,56,139,51,8,100,4,4,3,8,4,3,11,1
22634,47,2,23,11,8,6,46,1,2,1,2,8,3,11,0
51315,45,68,28,39,16,30,41,1,2,2,5,2,3,11,0
36026,34,20,4,10,6,4,17,2,2,0,3,6,3,11,3
24639,3,20,3,16,0,4,1,3,2,0,4,6,3,11,2
34578,1,7,0,1,0,0,0,1,1,0,2,6,3,11,3
65704,18,279,172,74,38,8,246,1,2,10,10,1,3,11,0
63810,45,977,12,253,16,12,101,4,4,3,12,8,3,11,1
54132,81,30,1,8,0,0,3,1,1,0,3,7,3,11,1
18690,77,6,1,7,23,4,19,1,1,1,2,8,3,11,0
28164,23,3,18,26,11,8,12,3,2,0,4,7,3,11,1
34596,48,14,0,2,0,0,7,1,1,0,2,8,3,11,1
43269,61,10,1,7,0,0,1,1,1,0,2,8,3,11,1
38741,60,7,10,17,8,6,13,2,2,0,3,7,3,11,2
31907,75,33,87,64,175,16,74,1,6,1,6,7,3,11,0
27100,64,12,0,13,2,0,10,1,1,0,3,7,3,11,1
31163,54,2,3,10,11,2,10,1,1,0,3,6,3,11,1
92533,84,693,21,118,110,147,42,1,6,5,11,2,3,11,0
34853,75,9,3,15,2,3,2,2,2,0,3,6,3,11,2
70844,16,129,26,67,3,67,2,5,6,1,5,7,3,11,2
31086,79,16,2,11,3,0,16,2,1,1,2,8,3,11,2
60544,92,201,2,43,3,5,35,4,5,1,5,6,3,11,2
20491,16,5,4,5,4,2,10,1,0,1,2,7,3,11,0
42523,96,14,36,11,3,26,35,1,1,1,4,2,3,11,0
39922,30,29,12,59,19,1,36,2,3,0,4,8,3,11,1
33402,60,26,2,19,10,5,8,3,2,1,3,8,3,11,2
36408,11,9,1,4,3,2,3,1,1,0,2,6,3,11,2
21645,75,14,0,23,4,5,19,3,3,0,3,9,3,11,1
78427,36,972,19,595,180,26,138,3,3,7,10,3,3,11,0
82657,71,966,168,672,246,105,126,1,7,5,10,4,3,11,0
51876,88,99,27,102,28,48,6,1,2,2,8,1,3,11,0
78041,93,482,35,553,72,160,17,1,4,4,9,2,3,11,0
52852,93,714,8,99,11,0,47,4,10,7,5,8,3,11,1
70038,54,587,54,348,71,54,130,1,4,4,8,2,3,11,0
69401,41,399,27,159,58,8,39,4,4,4,5,2,3,11,1
46053,46,56,10,92,19,7,25,3,3,2,4,5,3,11,1
77343,28,227,151,573,98,54,31,1,3,4,9,1,3,11,0
73892,40,703,102,601,0,58,43,1,3,11,8,1,3,11,0
40304,82,37,0,17,0,0,3,1,2,0,3,7,3,11,1
32727,38,167,13,180,86,13,70,2,7,3,5,8,3,11,0
68695,3,458,81,356,106,50,40,1,4,4,7,2,3,11,0
43300,87,91,3,52,2,1,31,3,4,0,4,8,3,11,1
26290,49,15,8,16,11,5,22,4,2,0,4,6,3,11,2
93790,16,1302,68,731,89,114,45,0,6,7,12,2,3,11,0
38410,65,153,64,123,116,64,14,2,5,2,9,6,3,11,0
64866,9,508,5,21,7,5,10,4,7,3,7,5,3,11,1
57957,24,290,59,177,77,5,29,7,4,6,8,3,3,11,1
46015,25,38,0,2,0,0,6,1,1,0,3,7,3,11,2
16531,43,2,13,6,7,5,11,3,3,0,3,7,3,11,1
28072,10,30,0,10,2,0,5,1,1,0,3,7,3,11,1
49476,29,386,23,95,54,41,196,4,2,11,5,2,3,11,1
50725,45,443,10,75,0,10,48,4,8,1,8,8,3,11,1
83844,57,901,31,345,75,31,191,1,4,4,11,1,3,11,0
41145,20,9,0,3,0,0,1,1,0,0,3,3,3,11,2
67419,29,846,84,352,91,56,42,4,9,4,8,5,3,11,1
23162,82,8,3,9,19,4,22,3,1,1,3,6,3,11,2
34380,68,72,7,58,13,1,24,4,4,1,3,8,3,11,1
34704,65,29,0,5,0,1,5,1,1,0,3,5,3,11,1
94871,99,169,24,553,188,0,144,1,8,5,4,7,3,11,2
65148,9,460,35,422,33,12,153,2,6,6,7,4,3,11,1
39898,20,69,8,26,12,7,12,2,3,0,4,7,3,11,1
64857,78,556,14,717,210,0,43,1,7,5,10,4,3,11,0
59892,26,73,0,13,0,1,0,1,2,1,3,3,3,11,1
41020,68,112,1,54,7,7,36,1,3,2,4,3,3,11,0
57072,79,944,0,60,0,0,30,2,7,5,13,5,3,11,1
60474,25,265,199,303,234,9,170,7,10,2,12,7,3,11,1
62807,83,526,28,135,10,21,99,3,5,3,12,5,3,11,1
19414,32,2,3,12,3,5,7,1,1,0,3,8,3,11,1
19107,49,2,4,9,10,5,16,2,1,0,3,7,3,11,1
75484,50,378,97,259,197,194,34,2,7,3,6,4,3,11,1
70379,84,553,25,142,65,67,8,3,6,3,13,4,3,11,1
79419,96,751,127,687,20,15,31,1,4,6,4,2,3,11,0
64014,56,406,0,30,0,0,8,7,8,2,5,7,3,11,3
76998,85,1449,89,161,69,35,107,2,11,8,8,6,3,11,1
49854,63,123,17,171,39,0,30,5,6,2,5,6,3,11,1
60585,17,267,42,309,55,42,21,10,7,4,9,5,3,11,2
42873,11,209,0,40,3,2,15,4,6,1,4,8,3,11,2
87679,62,1259,172,815,97,148,33,1,7,11,10,4,3,11,0
57867,48,344,35,178,15,23,17,7,7,2,9,6,3,11,1
35765,86,22,3,30,0,5,15,2,2,0,4,6,3,11,1
65492,73,247,161,295,210,85,47,2,4,7,13,2,3,11,0
32952,36,38,0,12,3,1,1,1,2,0,3,7,3,11,1
53374,34,896,10,101,13,10,34,6,4,2,9,9,3,11,1
71706,16,931,56,253,91,98,14,4,9,5,7,5,3,11,1
68487,48,758,12,385,33,89,89,1,9,7,13,4,3,11,0
53253,61,216,9,57,20,9,125,7,4,3,5,5,3,11,2
31163,54,2,3,10,11,2,10,1,1,0,3,6,3,11,1
42014,56,244,15,108,4,15,50,6,7,1,6,8,3,11,1
54108,74,539,6,91,8,6,97,13,8,2,9,8,3,11,2
49667,35,1181,26,120,17,13,39,2,5,10,5,8,3,11,0
63206,65,750,8,125,11,8,26,1,4,3,6,2,3,11,0
57136,48,306,5,109,21,109,92,9,5,2,10,6,3,11,2
46772,88,350,104,189,197,151,57,6,11,8,5,8,3,11,1
78931,19,331,197,170,58,152,35,1,2,8,13,1,3,11,0
53977,21,620,16,165,0,24,82,5,5,5,12,5,3,11,1
84219,27,434,137,400,45,137,45,1,3,4,10,1,3,11,0
46098,86,57,0,27,0,0,36,4,3,2,2,8,3,11,2
73538,92,811,76,428,99,137,107,3,10,4,9,7,3,11,1
79529,1,423,42,706,73,197,197,1,4,8,9,2,3,11,0
20981,14,2,12,10,6,13,30,1,3,1,2,8,3,11,0
51766,74,60,51,87,6,20,51,2,4,2,4,5,3,11,1
55759,84,675,0,85,10,7,77,5,10,3,8,8,3,11,1
33039,4,30,8,12,8,8,12,1,2,0,4,5,3,11,1
37787,50,40,1,40,4,3,18,1,3,0,3,8,3,11,1
27242,2,3,17,26,20,1,39,2,2,0,3,9,3,11,1
87188,73,910,111,724,49,74,55,1,10,2,6,3,3,11,0
69930,21,252,98,827,219,70,196,1,4,5,12,3,3,11,0
37697,82,34,6,21,11,4,8,1,2,1,3,6,3,11,1
37401,14,19,3,19,3,1,3,2,2,0,3,7,3,11,1
3502,56,2,1,1,0,0,1,0,0,0,0,14,3,11,1
58597,20,490,0,184,10,28,21,12,7,4,9,7,3,11,2
82032,54,332,194,377,149,125,57,0,4,6,7,1,3,11,0
28087,77,53,8,17,13,0,21,3,2,2,2,7,3,11,2
74004,5,784,48,560,42,176,48,1,4,6,4,3,3,11,0
19740,65,7,11,3,10,4,20,2,1,1,3,5,3,11,1
57036,33,1171,43,219,19,14,47,4,6,3,13,9,3,11,1
53083,65,215,7,33,3,0,13,6,5,1,5,7,3,11,2
69283,41,674,62,134,0,26,8,4,7,3,13,5,3,11,1
46098,86,57,0,27,0,0,36,4,3,2,2,8,3,11,2
23331,92,5,36,7,0,10,45,2,3,0,3,8,3,11,1
23331,97,104,20,101,24,15,5,6,5,1,5,9,3,11,1
9255,91,9,0,7,2,0,4,1,1,1,2,8,3,11,1
67786,0,431,82,441,80,20,102,1,3,6,6,1,3,11,0
71969,59,1000,0,76,0,0,10,3,3,4,9,8,3,11,1
59235,4,448,40,469,80,0,91,3,11,2,12,7,3,11,1
31928,5,33,4,24,4,2,5,2,3,0,4,7,3,11,1
74881,48,505,72,270,36,27,54,4,9,2,12,5,3,11,2
65819,99,267,38,701,149,165,63,1,5,4,10,3,3,11,0
51411,81,14,0,3,0,0,1,1,0,0,3,5,3,11,3
51983,95,631,0,115,10,7,30,3,9,2,10,7,3,11,1
42386,43,65,4,16,0,4,11,1,3,0,3,8,3,11,1
30390,5,10,12,12,25,1,20,1,2,0,3,6,3,11,0
30983,50,51,4,50,12,1,49,1,4,0,3,8,3,11,0
66033,76,293,35,179,46,59,65,2,8,3,7,7,3,11,1
37284,46,11,1,2,2,1,6,1,0,0,3,6,3,11,2
57530,68,50,1,27,6,7,1,1,1,1,4,1,3,11,1
76800,33,173,26,255,35,71,81,1,4,4,7,1,3,11,0
63943,50,423,184,368,13,97,21,1,6,4,6,5,3,11,1
76081,85,292,30,415,63,33,200,1,4,5,4,2,3,11,0
67445,63,757,80,217,29,80,11,5,9,6,12,6,3,11,1
37054,89,12,1,6,0,1,5,2,1,0,3,7,3,11,2
47175,81,167,2,44,6,2,19,7,4,2,4,8,3,11,2
31859,77,3,1,3,8,0,5,1,1,0,2,7,3,11,1
27215,50,30,5,22,8,9,28,4,2,1,4,6,3,11,3
70179,10,532,88,168,69,44,133,3,7,3,13,5,3,11,1
39922,30,29,12,59,19,1,36,2,3,0,4,8,3,11,1
49681,66,411,0,26,0,0,21,6,7,1,7,7,3,11,2
24645,16,5,3,4,4,1,0,1,1,0,2,8,3,11,1
79865,12,71,99,278,185,121,38,1,5,10,5,1,3,11,1
44322,30,46,0,40,3,0,3,2,3,0,3,8,3,11,1
47958,8,268,11,88,15,3,22,2,6,3,5,5,3,11,1
63972,93,928,63,254,0,12,12,4,5,4,10,4,3,11,1
75315,14,459,15,171,142,23,31,2,5,4,12,2,3,11,1
55517,53,483,0,108,0,6,36,5,11,1,6,9,3,11,2
75283,26,733,9,180,12,19,66,11,6,3,5,4,3,11,3
82800,23,1006,22,115,59,68,45,1,7,6,12,3,3,11,0
38998,92,34,1,14,0,0,5,3,2,0,3,8,3,11,2
90638,29,1156,120,915,94,144,96,1,3,4,10,1,3,11,0
27161,41,7,4,23,7,0,11,1,1,0,3,7,3,11,1
42014,56,244,15,108,4,15,50,6,7,1,6,8,3,11,1
38201,19,233,0,23,0,0,12,4,5,1,5,8,3,11,1
45203,4,35,3,67,10,8,24,1,3,1,3,6,3,11,2
81574,89,1252,0,465,46,35,0,1,4,5,8,1,3,11,0
34935,71,34,4,66,3,10,20,1,2,1,4,7,3,11,0
60482,81,255,43,134,37,14,24,1,7,2,7,7,3,11,1
34633,31,8,1,5,0,0,1,1,1,0,2,6,3,11,3
78093,53,368,32,639,13,43,10,1,4,7,5,1,3,11,0
82460,78,255,47,573,52,32,15,1,5,3,6,1,3,11,0
45903,80,33,8,10,2,10,3,2,2,1,3,4,3,11,1
81361,18,163,23,424,27,65,76,1,3,10,13,1,3,11,0
35860,37,15,0,8,4,2,20,2,1,1,2,5,3,11,2
40442,52,45,12,52,25,22,13,4,3,1,4,7,3,11,2
61482,39,48,58,68,16,66,43,1,3,2,6,2,3,11,0
34968,11,158,6,45,8,2,2,7,3,2,5,7,3,11,1
75794,33,754,160,625,63,32,48,1,7,5,12,3,3,11,0
31497,22,108,1,28,13,1,4,2,3,1,4,8,3,11,1
74268,83,199,66,315,97,174,41,1,4,3,5,2,3,11,0
13724,43,2,7,5,2,15,27,1,2,0,2,9,3,11,1
45143,74,202,5,74,11,5,14,3,6,1,5,7,3,11,1
52569,54,85,0,3,0,0,7,1,2,0,4,3,3,11,1
48432,3,322,3,50,4,3,42,5,7,1,6,8,3,11,1
17144,96,18,2,19,0,2,6,5,3,0,4,7,3,11,2
36108,68,141,8,129,3,11,47,3,7,1,4,9,3,11,1
76445,2,739,107,309,140,80,35,1,2,5,13,6,3,11,1
36663,40,18,0,6,3,3,5,1,1,1,3,2,3,11,1
53843,64,378,0,88,19,4,73,4,8,5,3,7,3,11,1
90226,26,1083,108,649,253,151,108,1,4,7,12,2,3,11,0
70638,69,1016,12,215,16,12,63,1,4,5,10,3,3,11,0
44512,57,23,1,6,0,0,2,2,1,0,3,4,3,11,2
27116,78,12,1,21,2,2,3,2,2,0,3,7,3,11,2
54072,71,35,0,4,0,0,0,1,2,0,2,8,3,11,2
71855,59,548,31,422,0,112,28,4,5,5,11,3,3,11,1
51250,28,342,32,230,34,32,40,5,10,5,4,9,3,11,1
60432,61,365,3,15,4,3,11,5,7,2,5,6,3,11,1
65526,22,397,19,69,12,0,9,1,4,4,8,2,3,11,1
68655,95,456,19,832,75,118,38,1,4,5,11,3,3,11,0
12393,38,5,6,15,11,7,13,1,2,0,3,9,3,11,0
64509,19,836,185,575,24,25,77,1,6,3,9,4,3,11,0
33955,92,100,2,128,23,7,10,4,5,1,5,8,3,11,1
31353,24,10,0,10,3,1,7,2,1,1,2,8,3,11,2
55434,21,238,115,215,169,69,76,3,5,3,13,4,3,11,1
28359,35,6,0,5,2,1,2,1,1,0,2,7,3,11,1
57100,9,158,11,99,15,11,17,2,3,2,7,3,3,11,1
69139,23,86,12,75,33,15,6,1,4,1,5,4,3,11,1
52973,92,856,0,76,12,9,199,7,9,6,9,8,3,11,1
51717,55,98,1,17,0,1,5,1,3,0,4,7,3,11,1
18793,14,4,16,20,0,17,20,3,2,0,4,8,3,11,1
66664,78,398,96,447,220,96,32,1,5,7,6,3,3,11,0
50664,64,313,8,104,6,4,126,9,8,1,6,9,3,11,2
54414,49,109,18,16,24,26,18,4,3,1,5,4,3,11,2
54549,8,216,2,6,0,0,9,2,5,1,4,7,3,11,1
47111,35,595,71,153,120,112,41,6,3,2,10,9,3,11,1
41003,11,123,133,142,71,44,88,1,6,2,8,6,3,11,0
19444,8,16,0,23,3,2,10,3,4,1,2,7,3,11,1
36301,53,11,12,35,3,5,12,1,3,0,3,7,3,11,1
73059,36,410,112,420,0,82,71,1,9,3,13,4,3,11,1
42731,64,159,2,51,6,2,24,3,4,1,5,5,3,11,1
52854,43,105,0,10,0,1,0,2,2,1,4,5,3,11,2
22775,40,5,1,8,0,0,1,1,1,0,2,8,3,11,1
46681,52,269,15,69,15,19,38,2,4,6,4,5,3,11,2
59821,11,629,0,70,0,0,35,6,11,2,7,8,3,11,1
50002,21,443,5,71,21,16,82,2,8,2,7,7,3,11,1
69755,23,217,77,373,111,23,93,1,3,6,12,1,3,11,0
44078,17,24,1,10,2,0,4,2,2,0,3,5,3,11,2
30560,6,9,1,5,4,5,7,1,1,0,3,7,3,11,1
35924,56,8,0,14,2,3,7,1,1,0,3,5,3,11,2
64140,71,1459,0,61,0,15,215,5,2,5,6,5,3,11,2
56386,51,230,48,214,13,32,75,8,9,1,7,9,3,11,2
24594,94,1,3,6,10,0,9,1,1,0,3,5,3,11,1
75774,27,340,21,134,258,14,56,1,7,5,8,4,3,11,1
39228,1,7,1,6,0,3,3,1,0,0,3,4,3,11,0
58494,56,298,7,68,4,0,19,2,6,2,6,6,3,11,1
58684,71,479,35,179,28,7,85,1,5,3,12,2,3,11,0
57136,18,267,140,599,34,12,127,1,7,5,7,6,3,11,0
56551,48,67,4,32,17,2,16,3,2,1,4,4,3,11,2
22448,86,3,1,8,23,2,18,3,2,1,3,3,3,11,1
82014,48,980,37,265,35,163,31,1,3,6,12,6,3,11,0
34213,2,50,4,28,6,3,26,3,3,1,2,9,3,11,2
157146,13,1,0,1725,2,1,1,0,0,28,0,1,3,11,0
25358,57,19,0,5,0,0,8,2,1,0,3,6,3,11,1
35544,77,30,5,23,4,1,4,1,2,0,3,7,3,11,1
36634,0,213,9,76,4,3,30,3,5,2,5,7,3,11,1
62670,57,539,30,92,80,46,38,1,5,3,13,3,3,11,1
50334,24,284,16,160,84,16,134,6,7,4,6,6,3,11,1
72066,55,1003,34,536,134,51,34,1,4,6,6,2,3,11,0
50729,62,239,13,143,45,4,52,9,6,2,7,6,3,11,2
34916,89,51,23,82,33,0,42,4,5,1,3,9,3,11,2
64892,77,527,24,230,32,24,65,2,6,4,12,4,3,11,1
43602,45,19,5,12,10,3,19,3,3,1,2,6,3,11,2
33996,46,40,2,15,8,0,6,1,1,1,3,4,3,11,0
41473,80,21,8,20,15,3,9,1,2,0,3,7,3,11,1
63246,60,593,30,91,29,22,7,1,6,3,12,4,3,11,2
36732,71,21,5,3,10,1,7,3,1,1,4,2,3,11,2
69084,43,1181,107,199,39,30,30,2,7,3,13,8,3,11,1
77766,97,1004,59,265,115,59,27,2,11,10,11,6,3,11,1
37929,49,202,2,46,3,2,10,2,4,2,5,7,3,11,0
86610,66,446,107,768,33,196,53,1,5,6,6,2,3,11,0
80141,20,1184,102,673,52,40,40,1,7,4,10,6,3,11,0
72635,54,390,22,323,104,35,107,1,6,8,6,3,3,11,0
69016,61,726,53,363,123,107,161,4,8,9,13,5,3,11,1
20193,18,8,8,22,24,11,9,1,1,1,4,4,3,11,0
27573,45,50,15,110,39,15,15,4,5,1,4,8,3,11,1
15862,26,1,1,4,11,9,10,1,1,0,3,8,3,11,1
49544,0,308,0,73,0,0,23,2,5,1,8,7,3,11,1
33228,28,22,2,31,7,4,5,1,2,0,3,7,3,11,1
70440,49,690,117,499,76,102,88,1,5,10,7,3,3,11,0
38232,84,43,5,28,7,6,33,4,3,1,3,5,3,11,2
22554,38,27,0,10,0,0,4,4,2,0,4,5,3,11,2
23536,53,6,0,3,0,0,1,1,0,0,3,3,3,11,1
49413,88,205,7,41,3,2,46,2,4,2,5,5,3,11,1
42231,99,24,0,8,0,1,4,1,1,0,3,5,3,11,2
78789,12,667,50,850,21,83,83,1,4,6,5,2,3,11,0
56534,35,691,7,61,10,0,46,4,10,4,7,8,3,11,1
58350,5,493,26,206,116,80,80,4,8,3,12,6,3,11,1
81217,77,493,70,324,146,40,84,1,3,7,11,1,3,11,0
49090,45,494,5,82,7,0,100,3,7,2,9,7,3,11,1
61787,71,621,73,414,78,48,85,1,8,4,6,5,3,11,0
18169,40,9,0,5,0,0,7,1,1,0,2,8,3,11,1
24336,82,1,6,2,8,2,12,1,1,0,2,7,3,11,1
18222,70,12,4,19,12,6,14,1,2,0,3,8,3,11,0
62335,87,243,131,217,85,6,26,2,3,3,13,2,3,11,1
42033,95,11,1,4,2,0,7,1,1,0,2,7,3,11,2
86580,72,532,21,127,26,20,20,0,4,2,5,1,3,11,0
41437,5,29,0,2,0,0,1,1,1,0,3,7,3,11,2
73705,86,612,91,520,258,107,107,2,9,6,8,5,3,11,2
61064,80,387,126,342,0,45,180,5,8,4,11,6,3,11,1
38452,62,56,0,14,0,0,2,3,3,0,3,7,3,11,2
18358,49,6,8,19,16,4,4,3,3,0,4,7,3,11,1
55012,85,582,0,65,0,0,13,6,8,2,9,5,3,11,1
9722,7,6,17,16,6,16,42,4,3,1,3,8,3,11,1
38175,6,70,6,69,2,3,3,3,3,1,4,7,3,11,1
58656,25,962,12,194,16,24,12,4,7,8,13,6,3,11,1
52117,55,112,10,107,30,0,20,2,5,2,4,7,3,11,1
64813,81,293,0,124,179,97,52,1,7,2,10,5,3,11,1
54222,98,199,12,31,3,12,7,1,3,3,5,3,3,11,1
83512,31,1060,61,835,80,20,101,1,4,7,10,1,3,11,0
77520,30,940,44,396,0,88,58,1,8,7,7,4,3,11,1
41154,98,44,2,11,2,3,7,1,1,0,4,5,3,11,1
80398,92,342,51,936,207,35,26,1,5,8,12,3,3,11,0
18746,41,2,10,11,12,9,20,2,3,0,3,6,3,11,1
35196,68,75,12,141,43,39,187,6,6,1,5,8,3,11,1
60230,78,520,20,367,39,81,40,2,6,3,6,5,3,11,1
22108,46,5,3,9,6,2,6,2,2,0,3,7,3,11,2
44392,71,87,5,71,7,12,29,5,4,1,4,7,3,11,2
55424,6,462,61,184,10,53,107,4,7,5,9,6,3,11,1
17688,82,2,2,1,3,1,2,1,1,0,2,8,3,11,1
92491,71,979,44,935,29,25,22,1,7,5,12,3,3,11,0
90273,32,704,129,853,120,74,111,1,5,6,7,2,3,11,0
82571,28,861,31,558,62,95,79,0,6,5,13,2,3,11,0
38513,20,172,3,115,16,0,18,5,6,1,5,8,3,11,1
16653,10,5,7,31,15,4,7,3,2,1,3,6,3,11,1
42586,7,194,2,56,0,0,0,5,4,1,6,8,3,11,2
23529,67,9,7,13,3,2,20,1,1,1,2,6,3,11,1
74881,48,505,72,270,36,27,54,4,9,2,12,5,3,11,2
71107,61,533,10,217,198,174,195,2,7,6,13,4,3,11,1
46910,36,48,0,14,0,0,6,2,2,0,3,6,3,11,2
18690,77,6,1,7,23,4,19,1,1,1,2,8,3,11,0
37244,90,18,2,10,0,0,25,1,1,1,2,7,3,11,2
82427,35,482,147,509,104,107,107,1,3,5,12,1,3,11,0
75342,38,204,97,97,21,118,26,1,5,2,10,4,3,11,1
70044,46,1073,0,250,153,14,14,4,7,10,5,5,3,11,1
79146,33,245,16,223,21,43,16,2,8,1,8,6,3,11,2
77437,70,560,21,442,29,44,29,1,4,5,13,1,3,11,0
54984,51,173,13,131,32,3,6,4,6,1,6,7,3,11,1
42403,18,22,1,11,0,5,3,1,1,0,3,8,3,11,1
55761,97,136,1,12,0,3,32,2,4,1,3,6,3,11,1
37292,32,275,0,86,10,23,66,5,6,3,5,8,3,11,1
45576,9,56,19,29,2,14,25,1,3,1,3,8,3,11,0
70321,6,303,23,751,82,26,191,1,6,5,13,4,3,11,0
58086,80,708,7,62,0,0,15,2,11,3,7,8,3,11,1
81795,74,324,132,693,27,118,88,1,4,11,7,2,3,11,0
28389,49,1,5,3,7,4,8,1,1,0,2,7,3,11,0
66835,21,620,26,195,34,17,141,1,6,4,13,2,3,11,0
69901,95,312,21,206,102,92,149,3,7,3,10,5,3,11,1
80360,56,1493,86,454,112,43,43,2,4,4,5,2,3,11,0
63342,48,918,21,118,13,10,21,3,8,3,5,6,3,11,1
44989,26,98,0,106,49,10,106,5,5,1,5,6,3,11,1
31859,3,3,4,7,15,8,11,1,1,0,3,7,3,11,1
51569,39,380,0,47,6,0,34,4,7,1,7,8,3,11,1
30372,33,15,0,12,7,3,7,3,2,0,3,7,3,11,2
16014,42,3,9,4,7,8,7,4,1,1,4,3,3,11,2
41120,80,24,2,23,0,8,24,3,2,1,3,6,3,11,2
39763,9,80,1,60,4,6,16,2,5,1,2,9,3,11,1
38725,52,31,0,6,2,1,5,2,1,0,4,4,3,11,2
77981,78,138,120,204,16,126,60,3,7,4,7,5,3,11,1
62905,68,166,75,96,119,107,59,3,7,2,8,4,3,11,1
13533,45,12,3,8,8,0,17,2,2,0,3,7,3,11,1
59481,47,178,3,85,71,66,58,2,3,3,8,2,3,11,1
72117,34,707,20,171,65,60,50,1,9,7,9,5,3,11,1
21955,81,5,1,7,17,14,11,2,2,1,3,6,3,11,1
67131,72,465,71,250,93,35,62,3,9,2,12,6,3,11,1
36802,23,16,1,2,0,0,1,1,1,0,3,5,3,11,1
71853,29,358,108,413,141,97,32,1,2,8,6,1,3,11,0
28249,80,1,9,7,2,14,10,1,2,0,3,6,3,11,0
47808,30,123,1,26,2,0,72,2,3,2,3,7,3,11,1
25509,15,40,3,30,10,7,11,3,3,0,3,9,3,11,1
51012,86,102,9,63,2,9,24,1,4,1,4,6,3,11,0
70596,68,347,44,534,17,0,26,1,3,5,12,2,3,11,0
85431,54,376,53,462,168,53,53,1,2,7,7,0,3,11,0
42664,44,21,0,3,0,0,0,1,1,0,3,6,3,11,1
42586,7,194,2,56,0,0,0,5,4,1,6,8,3,11,2
29760,87,64,4,68,7,5,17,4,3,1,4,8,3,11,1
28973,59,206,0,46,3,2,12,2,5,1,5,8,3,11,0
39435,16,71,0,18,0,0,13,1,3,1,2,7,3,11,1
65370,1,71,22,112,138,89,29,1,2,3,13,1,3,11,0
20194,64,0,4,7,11,10,15,2,2,0,3,6,3,11,1
42473,72,93,1,21,0,4,25,3,2,1,4,5,3,11,2
64590,98,920,138,168,36,46,30,1,9,4,10,6,3,11,0
71232,91,653,17,170,34,26,17,2,11,2,10,7,3,11,1
34600,8,199,33,60,8,3,15,5,5,2,5,8,3,11,2
46904,20,153,4,56,0,9,31,4,5,1,4,8,3,11,2
49094,6,376,0,38,11,8,69,5,6,3,6,6,3,11,1
36075,54,46,0,30,12,1,30,1,2,0,4,6,3,11,1
60839,72,600,21,128,223,150,128,13,2,2,12,8,3,11,2
77298,46,425,115,292,23,35,79,1,6,6,11,3,3,11,1
34026,11,18,6,15,12,8,17,3,2,1,3,5,3,11,2
48918,21,52,0,9,0,0,1,2,1,0,4,4,3,11,2
82122,89,734,22,350,151,25,100,1,3,9,13,1,3,11,0
37697,82,34,6,21,11,4,8,1,2,1,3,6,3,11,1
34074,69,135,1,41,10,1,67,5,3,3,3,6,3,11,2
28520,55,11,0,10,0,2,20,1,1,1,2,6,3,11,2
62535,13,163,48,90,0,45,52,1,3,2,8,3,3,11,1
36273,80,29,3,30,3,2,9,2,3,0,3,6,3,11,1
63404,97,734,26,70,11,44,17,2,6,3,4,4,3,11,2
75774,27,340,21,134,258,14,56,1,7,5,8,4,3,11,1
78416,99,453,38,279,188,38,183,2,7,7,10,3,3,11,1
75702,87,1073,0,629,145,37,37,1,10,5,13,6,3,11,1
59385,85,135,0,10,0,4,36,2,3,1,4,5,3,11,2
37070,30,231,7,137,4,15,39,9,5,1,8,7,3,11,2
44689,82,18,0,5,0,0,11,2,1,1,2,7,3,11,2
53977,21,620,16,165,0,24,82,5,5,5,12,5,3,11,1
7144,92,81,4,33,5,2,291,0,23,1,1,0,3,11,2
18701,95,12,4,2,10,6,10,4,2,0,4,5,3,11,2
90369,2,292,51,981,224,23,17,1,4,6,6,1,3,11,0
63159,74,965,34,586,89,86,37,1,3,5,8,3,3,11,0
37758,49,27,2,10,0,0,1,2,1,0,3,8,3,11,2
46757,71,777,30,163,0,51,122,6,4,4,7,9,3,11,1
79734,72,572,8,232,23,62,17,1,4,3,6,1,3,11,0
63207,68,438,169,565,91,169,70,1,2,3,6,7,3,11,0
72071,4,531,69,300,150,138,150,3,5,4,8,2,3,11,1
21840,80,17,0,9,0,0,1,1,1,0,3,9,3,11,1
58582,15,402,35,106,101,77,42,2,9,2,9,5,3,11,1
72282,70,503,27,419,90,139,153,1,5,7,9,7,3,11,0
50387,91,369,9,87,12,14,34,3,6,2,8,5,3,11,2
32583,10,5,0,3,0,0,1,1,1,0,2,7,3,11,2
62568,99,362,17,398,80,35,61,3,5,3,5,4,3,11,1
44635,25,56,0,9,0,0,3,2,2,0,3,7,3,11,2
33316,34,79,1,31,4,4,12,3,2,1,4,6,3,11,2
63967,57,387,84,141,73,35,162,3,4,4,12,2,3,11,1
52513,84,367,17,241,104,188,232,2,9,5,9,7,3,11,0
25293,51,15,0,11,0,2,9,1,1,1,2,8,3,11,1
54111,97,267,6,54,8,3,50,2,5,2,6,5,3,11,1
78394,13,298,27,697,216,24,166,1,4,6,5,2,3,11,0
80739,92,674,92,736,39,0,92,1,3,11,9,1,3,11,0
22669,30,16,14,36,37,22,48,3,4,1,2,9,3,11,1
29236,30,37,4,24,16,9,9,2,4,0,3,9,3,11,1
44911,11,159,0,22,2,1,31,3,4,1,4,7,3,11,1
54693,72,686,17,142,23,26,35,8,6,4,13,6,3,11,1
48186,39,97,3,66,12,7,34,3,4,1,4,7,3,11,1
54809,0,63,6,57,13,13,22,4,2,1,5,4,3,11,2
41580,15,56,5,24,4,0,3,3,2,1,3,5,3,11,2
80336,12,209,19,456,160,142,66,1,2,9,13,1,3,11,0
47743,56,198,2,43,0,12,20,3,4,1,6,6,3,11,1
62972,39,313,15,47,20,0,192,2,7,4,3,6,3,11,1
57333,55,941,14,397,76,58,176,11,8,5,9,6,3,11,1
32313,60,86,4,56,2,4,7,3,4,0,4,9,3,11,1
84953,73,167,48,602,63,72,72,1,3,10,4,2,3,11,0
27071,90,8,3,19,0,2,3,2,2,0,3,6,3,11,1
68148,86,389,66,408,37,57,85,1,4,4,6,2,3,11,0
65735,37,239,7,119,4,15,11,5,6,2,6,7,3,11,2
86836,7,179,21,273,0,21,63,1,6,10,6,5,3,11,0
4023,29,5,0,1,1,1,1,15,0,0,0,19,3,11,2
30093,19,2,6,28,13,4,16,1,2,0,3,7,3,11,0
57705,14,383,0,53,6,4,40,3,8,1,6,6,3,11,1
25008,72,2,8,8,6,1,9,2,1,0,3,8,3,11,1
83257,56,536,27,590,38,107,67,1,5,10,12,6,3,11,0
22280,85,2,1,4,3,1,2,1,1,0,2,8,3,11,1
72159,62,322,53,899,34,40,53,1,4,6,10,2,3,11,0
64260,1,539,169,816,20,0,30,1,4,5,4,3,3,11,0
82733,28,712,50,420,65,38,38,1,8,4,7,4,3,11,0
74290,70,1121,0,72,0,12,12,4,10,8,10,6,3,11,1
58217,84,68,1,13,3,5,13,1,2,0,4,6,3,11,3
21024,89,36,4,18,6,2,18,1,2,0,4,7,3,11,0
70116,73,707,44,603,95,58,29,1,2,8,12,1,3,11,0
54006,42,174,77,203,6,24,97,2,8,1,7,7,3,11,1
69063,16,666,35,124,69,8,26,1,5,3,5,3,3,11,1
11448,16,0,0,0,6,2,6,1,1,0,2,6,3,11,0
61825,56,162,50,100,55,30,27,1,4,2,8,4,3,11,1
70886,65,407,70,239,103,88,53,1,5,4,4,2,3,11,1
69109,10,823,25,459,124,29,95,1,6,6,7,4,3,11,0
60208,13,488,23,71,15,0,59,11,8,3,7,7,3,11,2
32889,78,28,0,13,4,2,8,3,2,1,3,5,3,11,2
34738,51,3,2,10,3,0,2,1,1,0,3,6,3,11,1
30538,27,284,0,52,8,3,20,4,9,0,4,10,3,11,1
82326,30,938,142,754,159,81,183,1,5,10,6,2,3,11,0
26642,71,13,2,15,2,2,8,2,2,0,3,6,3,11,1
69932,97,412,172,153,150,105,57,2,7,6,11,4,3,11,1
44503,83,31,1,8,0,0,8,2,2,0,3,6,3,11,2
60200,3,502,19,132,0,6,26,6,6,2,11,6,3,11,1
49638,71,18,10,3,3,5,0,1,1,0,3,2,3,11,1
23830,3,1,8,6,4,8,16,1,1,0,3,7,3,11,0
33051,15,100,71,243,108,94,219,3,9,1,8,9,3,11,0
72905,52,407,114,445,181,165,203,1,3,7,9,1,3,11,0
69702,8,664,9,240,50,19,57,2,7,7,10,4,3,11,1
70300,89,1045,61,338,60,46,46,3,5,5,13,8,3,11,1
70643,66,1218,107,304,23,143,33,1,5,8,4,6,3,11,0
30396,22,15,0,6,0,1,12,2,1,1,2,7,3,11,1
50616,56,128,0,16,0,1,4,2,4,0,4,7,3,11,1
62772,74,581,49,157,43,8,108,1,5,6,11,2,3,11,1
30298,48,6,3,12,6,1,0,1,1,1,3,3,3,11,0
52413,67,185,8,133,56,56,12,2,7,1,7,7,3,11,1
44155,24,22,1,9,0,0,14,1,1,1,2,4,3,11,2
86979,67,584,100,835,65,83,35,1,5,5,5,2,3,11,0
76532,38,355,30,177,90,138,30,4,9,5,7,5,3,11,2
42081,86,175,10,110,54,6,27,2,6,3,4,6,3,11,1
67546,90,864,134,768,150,38,172,1,4,10,5,3,3,11,0
88420,87,957,153,612,99,95,153,1,4,7,8,1,3,11,0
31158,62,25,6,16,20,0,5,2,2,0,3,8,3,11,1
61671,23,641,7,56,0,0,28,8,10,4,6,8,3,11,1
69719,99,273,86,208,177,14,43,1,2,3,5,1,3,11,0
49160,29,122,21,43,25,10,15,2,3,1,6,6,3,11,1
24882,52,1,4,10,29,0,36,1,1,1,2,6,3,11,1
90933,90,1020,31,430,62,63,79,1,4,6,4,1,3,11,0
113734,9,6,2,3,1,262,3,0,27,0,0,1,3,11,0
59292,71,378,14,68,19,14,14,2,3,5,8,3,3,11,1
45759,13,42,1,18,3,0,4,2,2,0,3,7,3,11,2
22148,16,15,5,14,0,4,11,1,1,0,3,7,3,11,0
73395,94,272,7,80,20,7,11,1,4,4,6,2,3,11,0
29819,77,9,1,24,2,1,2,3,3,0,3,6,3,11,1
45688,20,279,0,18,0,0,9,2,3,1,8,4,3,11,1
62820,51,398,61,265,138,61,53,1,3,4,6,1,3,11,0
60491,81,637,47,237,12,19,76,4,6,11,7,5,3,11,1
33235,71,45,0,16,2,1,6,1,3,0,3,7,3,11,1
35701,36,21,1,9,7,3,5,1,1,0,3,6,3,11,0
31535,95,15,4,13,0,0,19,1,1,1,2,7,3,11,1
92556,32,493,183,352,184,23,28,0,3,5,13,0,3,11,0
67384,32,957,40,175,158,53,107,2,7,8,5,5,3,11,1
80573,85,829,138,430,60,92,15,1,4,6,13,2,3,11,0
77870,93,1017,50,500,65,50,133,3,5,5,5,8,3,11,1
52278,24,953,0,71,0,0,174,6,10,5,10,8,3,11,1
57107,44,159,0,120,0,0,137,7,4,4,8,8,3,11,1
18929,15,32,0,8,23,4,18,1,1,0,4,6,3,11,0
36038,82,23,0,15,0,2,7,2,3,0,3,6,3,11,1
20180,27,18,42,24,15,20,18,1,2,1,4,7,3,11,0
34230,72,15,0,4,0,0,2,1,1,0,2,7,3,11,2
31878,7,23,4,5,10,5,23,1,1,0,4,3,3,11,1
70932,57,200,193,100,46,185,185,2,6,2,12,3,3,11,1
91249,84,1324,27,119,71,108,27,0,7,9,6,4,3,11,0
77598,53,1193,33,281,129,66,33,1,7,5,13,3,3,11,0
80982,48,505,137,401,104,22,22,3,11,5,11,5,3,11,2
22701,2,2,4,9,0,4,5,1,1,0,3,5,3,11,1
55212,65,1103,0,45,0,0,34,3,4,2,11,8,3,11,1
70617,45,353,61,753,40,46,27,1,3,3,7,2,3,11,0
64849,42,652,48,350,94,84,108,1,9,3,6,5,3,11,0
62694,29,379,6,157,25,91,91,5,9,3,7,7,3,11,2
61917,83,46,4,36,2,2,1,1,2,0,4,5,3,11,2
67472,93,162,31,127,8,17,69,2,4,2,7,3,3,11,1
21059,40,8,3,19,3,3,8,3,3,0,3,6,3,11,1
29543,47,17,3,18,3,4,18,2,3,1,2,7,3,11,2
75903,50,340,108,185,130,38,100,2,6,6,9,3,3,11,1
34984,40,8,4,15,3,5,3,2,1,0,3,7,3,11,2
54998,3,154,22,202,39,30,8,5,4,2,9,4,3,11,1
54356,62,710,15,30,20,0,0,3,11,2,8,8,3,11,1
34242,25,8,2,4,0,0,1,1,0,0,3,5,3,11,1
25410,48,2,2,4,13,13,4,1,1,0,4,4,3,11,1
73356,56,1050,14,322,0,14,112,1,5,11,5,2,3,11,0
28320,68,19,1,14,3,2,4,1,1,0,3,8,3,11,1
23763,64,22,0,6,6,2,6,1,1,0,3,7,3,11,1
72570,67,274,83,216,151,141,224,1,4,6,12,1,3,11,0
34529,94,68,6,38,3,6,41,2,2,2,3,7,3,11,1
70792,82,344,45,654,104,11,114,2,3,4,10,3,3,11,0
63211,3,145,193,459,205,26,145,2,3,8,7,2,3,11,0
83891,24,217,38,350,111,85,15,1,4,7,10,1,3,11,1
36065,54,18,7,34,10,2,3,3,3,0,3,8,3,11,2
39898,20,69,8,26,12,7,12,2,3,0,4,7,3,11,1
51141,96,144,0,7,0,0,6,1,3,1,4,5,3,11,0
56939,19,256,34,103,90,29,49,2,3,3,10,3,3,11,1
80872,60,483,72,567,94,12,108,1,4,4,10,1,3,11,0
72335,2,1285,105,653,28,21,0,1,10,4,8,8,3,11,0
61798,13,338,4,89,11,8,13,1,4,2,9,4,3,11,0
76842,37,605,10,345,84,54,32,1,1,8,7,0,3,11,0
29478,59,8,0,7,3,1,1,1,1,0,3,6,3,11,1
46998,55,172,41,86,45,6,27,5,5,3,5,7,3,11,1
96843,60,448,71,951,40,17,17,1,6,11,10,2,3,11,0
56551,48,67,4,32,17,2,16,3,2,1,4,4,3,11,2
70053,38,512,53,98,81,179,89,3,8,5,10,5,3,11,1
71670,8,1462,16,128,0,0,160,1,5,3,6,6,3,11,0
44359,19,20,0,14,7,3,1,3,2,0,4,3,3,11,2
40887,32,50,4,44,10,10,43,3,3,1,3,9,3,11,2
48877,27,102,1,15,2,0,24,1,3,0,4,7,3,11,1
74485,58,499,149,815,173,49,49,1,6,7,12,3,3,11,0
64474,59,381,35,172,56,86,93,2,8,2,10,5,3,11,1
77226,29,631,43,239,128,76,21,2,6,8,12,3,3,11,1
72643,60,526,80,553,123,94,53,1,3,10,7,2,3,11,0
85738,41,913,26,376,17,26,13,1,3,6,11,1,3,11,0
55686,27,673,0,199,37,47,26,2,6,3,5,4,3,11,1
39062,28,23,0,9,0,0,12,1,1,0,3,4,3,11,1
34600,8,199,33,60,8,3,15,5,5,2,5,8,3,11,2
40794,18,261,23,73,4,23,50,2,6,3,5,7,3,11,1
54690,76,111,16,37,7,9,18,3,3,1,5,3,3,11,2
4428,0,16,4,12,2,4,321,0,25,0,0,1,3,11,1
32632,32,63,151,137,153,19,53,2,4,4,8,5,3,11,0
38236,2,58,0,18,2,0,10,4,3,0,4,7,3,11,2
36781,16,29,1,17,0,3,13,1,2,1,2,8,3,11,1
31385,56,3,2,12,0,1,9,1,1,0,2,8,3,11,1
24570,97,28,34,62,11,14,44,3,4,0,4,9,3,11,1
25509,15,40,3,30,10,7,11,3,3,0,3,9,3,11,1
94642,35,879,143,797,106,143,143,0,5,7,9,1,3,11,0
58646,3,62,1,44,6,5,22,1,2,1,4,4,3,11,1
53201,49,280,7,81,20,0,27,8,6,3,5,7,3,11,2
21994,4,9,0,6,3,1,3,1,0,0,3,5,3,11,1
57113,45,182,4,33,0,2,42,6,4,1,5,7,3,11,2
51373,37,83,2,101,64,26,117,1,3,5,3,4,3,11,0
23477,39,38,15,54,3,8,29,3,3,0,4,8,3,11,1
58116,38,228,19,130,4,11,51,2,3,3,8,2,3,11,1
72968,8,1092,37,592,145,37,55,1,5,5,8,3,3,11,0
39791,89,85,15,27,13,13,21,2,3,1,4,7,3,11,1
91712,47,1276,24,746,94,29,48,0,9,7,11,3,3,11,0
94472,75,1017,33,417,108,100,16,1,5,5,5,5,3,11,1
13672,86,6,2,9,2,1,5,2,1,0,3,8,3,11,2
96547,4,448,21,125,52,101,62,0,7,6,8,2,3,11,0
79205,73,504,23,117,179,28,44,1,6,5,4,4,3,11,0
56559,46,226,22,133,41,31,31,3,4,3,8,4,3,11,1
32644,38,239,3,141,0,7,23,4,7,1,6,8,3,11,1
67506,73,90,38,67,33,36,67,1,4,1,6,3,3,11,1
24206,66,7,2,8,3,2,3,1,1,0,3,6,3,11,1
28420,36,4,2,5,2,0,0,1,1,0,2,6,3,11,1
22979,29,16,17,19,20,21,22,3,3,2,2,8,3,11,1
33279,29,10,3,3,0,0,0,1,0,0,3,3,3,11,0
46423,6,68,0,16,0,0,8,3,2,0,4,7,3,11,2
30368,97,35,0,13,2,0,2,2,2,0,3,8,3,11,1
63684,61,575,80,428,208,93,80,3,8,4,8,5,3,11,1
41638,68,315,0,31,4,0,91,4,5,5,3,8,3,11,1
68805,73,182,2,49,17,13,20,1,3,1,7,2,3,11,1
65814,90,561,14,113,10,14,35,3,8,2,10,5,3,11,1
71964,81,587,51,932,180,34,86,1,5,6,5,3,3,11,0
39146,1,94,1,33,13,12,12,3,4,0,4,8,3,11,1
96876,79,908,43,735,40,194,21,1,7,7,9,2,3,11,0
34445,92,228,122,122,208,129,30,6,11,2,8,9,3,11,0
68281,31,995,112,417,42,48,41,1,2,9,13,5,3,11,0
37284,46,11,1,2,2,1,6,1,0,0,3,6,3,11,2
36790,14,3,3,14,15,21,10,1,2,1,2,9,3,11,0
27943,89,12,1,16,4,1,3,3,2,0,3,8,3,11,2
22263,31,17,0,2,0,0,2,2,1,0,3,6,3,11,2
30261,75,8,0,5,0,3,6,1,0,0,3,8,3,11,3
28587,42,22,4,17,12,10,13,3,2,0,4,6,3,11,1
43815,53,14,10,29,4,7,15,1,2,0,3,6,3,11,1
48195,53,106,27,68,52,7,5,6,4,2,5,6,3,11,2
77027,23,820,57,242,45,0,11,2,8,3,6,4,3,11,1
71322,57,753,43,226,69,10,204,2,8,5,13,4,3,11,1
32765,49,13,3,17,7,3,3,2,2,0,4,5,3,11,1
29672,6,9,1,3,0,4,8,1,0,0,3,6,3,11,2
23272,29,19,3,6,4,2,12,1,1,0,3,4,3,11,0
49912,5,520,8,223,32,49,42,4,10,5,7,8,3,11,1
7500,98,5,17,17,13,14,34,4,2,1,3,9,3,11,1
68117,80,618,44,215,0,17,36,2,11,8,4,6,3,11,1
67225,4,315,35,322,46,7,143,3,7,2,11,5,3,11,1
17649,70,15,1,23,0,5,1,3,3,0,3,8,3,11,1
55914,32,384,60,364,119,101,232,4,11,6,8,7,3,11,1
40059,82,110,29,92,28,10,145,1,6,2,3,8,3,11,1
60905,27,208,17,76,36,17,38,2,3,3,7,2,3,11,1
75330,94,555,82,257,93,61,61,4,10,3,12,6,3,11,2
60689,23,240,90,216,63,6,24,4,4,4,10,3,3,11,1
38680,97,11,0,36,15,5,12,1,2,0,3,7,3,11,1
61416,25,848,154,323,201,61,78,1,10,3,10,6,3,11,0
49767,92,202,47,197,55,42,149,1,5,4,8,4,3,11,0
83273,98,433,89,650,16,102,102,10,4,6,9,7,3,11,3
29009,19,6,6,15,10,5,2,2,2,0,3,6,3,11,1
45057,80,37,0,7,3,0,3,1,2,0,3,5,3,11,1
37150,80,167,37,64,49,34,116,8,4,3,6,7,3,11,1
43020,79,45,7,99,4,25,43,3,4,1,4,6,3,11,1
53154,50,129,0,21,0,1,7,1,3,1,4,4,3,11,1
65308,60,713,0,264,120,80,34,1,7,8,12,4,3,11,0
76467,44,676,161,426,210,44,58,2,2,5,5,6,3,11,1
81044,0,450,26,535,73,98,26,1,5,6,10,1,3,11,0
32871,28,22,2,12,0,2,5,1,1,0,3,4,3,11,2
55801,35,367,4,51,6,4,95,6,7,2,6,7,3,11,2
76320,49,526,35,214,69,53,35,2,6,3,4,2,3,11,1
36927,46,51,0,16,0,0,4,2,3,0,3,8,3,11,2
48794,97,25,0,11,3,0,15,1,1,0,3,4,3,11,2
23478,51,28,6,27,12,17,39,1,3,0,3,8,3,11,0
71128,80,958,159,447,20,0,31,3,2,10,12,7,3,11,1
70179,10,532,88,168,69,44,133,3,7,3,13,5,3,11,1
59462,29,724,17,143,0,8,196,2,9,2,12,7,3,11,1
38361,74,39,0,56,20,8,14,3,3,1,3,7,3,11,1
70038,54,587,54,348,71,54,130,1,4,4,8,2,3,11,0
42554,93,29,1,11,0,0,0,2,2,0,3,4,3,11,2
67445,63,757,80,217,29,80,11,5,9,6,12,6,3,11,1
67046,92,544,35,133,23,151,107,2,4,5,4,2,3,11,1
42192,40,40,15,15,17,6,7,1,2,1,3,4,3,11,0
77610,70,1245,33,332,21,33,16,2,4,7,4,7,3,11,1
31761,96,19,1,20,16,14,28,2,3,0,4,5,3,11,1
34350,81,16,3,15,2,1,11,1,1,0,3,7,3,11,1
54591,63,376,4,94,12,9,24,3,6,2,8,5,3,11,1
71866,85,184,178,178,103,39,33,1,6,3,10,3,3,11,1
25293,51,15,0,11,0,2,9,1,1,1,2,8,3,11,1
42000,23,124,83,267,85,59,35,2,5,2,11,5,3,11,0
69520,95,627,120,414,121,80,93,1,9,6,5,5,3,11,0
64713,11,180,60,241,13,54,54,2,5,5,7,4,3,11,1
27889,42,14,0,4,0,0,8,1,1,1,2,6,3,11,1
22123,77,3,3,24,34,7,31,1,2,1,3,5,3,11,0
27803,40,8,26,46,38,9,49,2,3,0,4,8,3,11,1
51651,32,293,6,23,13,6,92,4,6,2,5,8,3,11,1
68487,48,758,12,385,33,89,89,1,9,7,13,4,3,11,0
56796,24,656,38,161,62,47,37,3,8,9,7,7,3,11,1
87000,61,196,25,607,67,17,49,1,4,6,7,2,3,11,0
79823,6,835,73,380,114,73,43,1,6,9,7,2,3,11,1
30828,16,16,11,15,2,0,12,2,1,1,4,3,3,11,1
34109,39,9,1,5,2,1,4,1,0,0,3,4,3,11,1
53367,2,229,7,140,10,3,11,7,5,1,8,7,3,11,2
22390,49,0,1,4,15,1,5,1,1,0,2,7,3,11,0
71322,31,121,24,124,24,15,42,1,4,1,7,2,3,11,1
79244,58,471,102,125,212,61,245,1,4,10,7,1,3,11,0
49912,5,520,8,223,32,49,42,4,10,5,7,8,3,11,1
48699,90,26,1,10,2,0,1,1,1,0,3,5,3,11,2
80144,47,240,132,445,250,192,108,1,3,7,8,1,3,11,0
54252,25,178,4,26,8,4,44,5,4,1,5,6,3,11,2
81929,60,1486,55,278,49,0,185,2,4,4,10,6,3,11,1
76068,67,1115,12,128,33,12,76,1,2,3,4,6,3,11,1
53204,40,29,0,8,2,0,6,1,1,0,3,4,3,11,2
67911,63,529,0,356,63,28,0,3,6,7,11,3,3,11,1
14796,1,13,3,8,7,4,16,2,1,0,3,9,3,11,1
78128,89,934,24,230,16,24,36,2,8,4,6,3,3,11,1
14188,40,2,7,11,16,12,27,1,2,0,4,6,3,11,0
20425,5,4,12,5,3,16,17,2,2,0,3,7,3,11,1
58646,3,62,1,44,6,5,22,1,2,1,4,4,3,11,1
72967,1,158,35,179,0,0,125,2,7,2,8,5,3,11,1
48150,24,173,2,39,3,2,47,3,5,1,4,7,3,11,1
82332,89,830,59,968,51,79,19,1,5,3,12,2,3,11,0
58275,48,189,10,253,56,43,64,6,8,2,7,7,3,11,2
44953,31,728,17,133,11,8,124,1,7,3,13,6,3,11,0
34587,68,7,2,9,2,0,2,2,1,0,3,4,3,11,2
43018,46,35,4,17,7,6,64,1,2,2,2,5,3,11,1
45736,92,188,3,180,20,3,43,5,7,1,6,7,3,11,1
66476,80,742,28,152,25,9,57,2,6,8,10,4,3,11,1
27733,16,0,7,5,26,2,17,2,2,0,3,7,3,11,1
69805,50,750,71,174,13,10,20,2,6,8,11,2,3,11,1
72217,93,816,42,450,55,56,154,1,3,10,8,2,3,11,0
25818,51,5,2,8,2,2,9,1,0,1,2,7,3,11,1
37509,24,37,5,56,12,8,5,2,3,0,4,7,3,11,1
25176,79,4,0,4,0,0,5,1,1,0,2,7,3,11,2
43586,26,99,2,11,4,0,16,3,3,0,4,8,3,11,1
53230,86,176,72,98,136,21,229,4,5,2,12,5,3,11,1
50116,68,54,0,10,0,0,2,2,1,0,4,5,3,11,2
84906,98,997,15,414,99,30,76,1,5,6,12,2,3,11,0
61286,34,356,0,107,19,9,117,2,7,1,8,5,3,11,1
82333,60,1311,0,359,46,89,17,1,4,3,10,2,3,11,0
65220,3,890,63,292,0,25,12,4,8,4,7,6,3,11,0
33590,65,4,0,2,0,0,2,1,1,0,2,7,3,11,3
30992,83,17,0,14,7,3,2,1,1,0,3,7,3,11,1
72309,64,960,0,883,50,38,0,1,5,6,8,3,3,11,0
156924,85,2,1,2,1,1,1,0,0,0,0,0,3,11,0
16005,69,1,3,2,20,30,47,3,2,1,2,8,3,11,1
65487,48,240,67,500,199,0,163,3,3,5,6,2,3,11,0
58692,21,301,11,61,4,7,11,1,8,2,4,7,3,11,1
40590,30,154,0,50,6,11,37,5,3,4,3,6,3,11,2
20587,39,2,3,6,4,1,9,1,1,1,2,7,3,11,1
62637,76,104,12,48,4,12,5,1,2,2,5,2,3,11,1
29435,11,70,3,37,4,2,64,4,3,2,2,9,3,11,2
19346,26,2,0,9,3,6,2,1,1,0,3,8,3,11,1
35788,34,23,2,11,3,1,4,2,2,0,3,6,3,11,2
36997,72,43,4,12,8,0,27,5,2,1,4,5,3,11,2
23539,13,4,24,11,16,1,25,1,2,0,4,6,3,11,0
65333,58,654,7,92,0,15,30,7,9,4,8,6,3,11,1
78499,12,912,72,170,47,36,97,1,11,3,4,4,3,11,0
29732,23,25,0,8,0,1,4,1,2,0,2,9,3,11,1
41275,33,24,4,22,0,2,9,4,3,1,3,5,3,11,3
63516,30,141,11,114,15,14,5,4,4,1,7,5,3,11,2
42769,15,71,0,13,3,1,0,2,1,1,4,4,3,11,1
49572,25,35,1,16,0,1,1,2,2,0,3,7,3,11,2
69209,4,496,32,849,229,48,128,2,5,3,6,4,3,11,0
17148,80,9,9,11,13,10,16,4,3,1,3,8,3,11,1
40590,30,154,0,50,6,11,37,5,3,4,3,6,3,11,2
30560,6,9,1,5,4,5,7,1,1,0,3,7,3,11,1
32146,16,26,3,23,4,7,3,2,2,0,4,6,3,11,1
41713,57,77,8,44,10,10,25,5,3,1,4,6,3,11,2
34176,9,11,2,7,4,2,2,1,1,0,3,3,3,11,1
58482,59,576,7,115,19,7,7,2,7,4,9,6,3,11,1
59686,78,89,15,89,34,42,5,1,4,1,6,4,3,11,1
60896,90,1013,30,399,60,46,153,3,9,10,4,6,3,11,1
62994,74,224,12,48,4,12,12,1,6,2,4,6,3,11,1
47320,10,200,19,111,50,15,19,6,5,1,8,6,3,11,1
74859,63,570,73,614,133,102,73,1,6,5,11,3,3,11,0
15253,13,1,3,3,8,1,13,2,1,0,3,7,3,11,1
31560,98,62,1,20,4,0,7,2,2,1,3,8,3,11,1
72071,4,531,69,300,150,138,150,3,5,4,8,2,3,11,1
91172,94,162,28,818,0,28,56,0,4,3,7,3,3,11,0
90000,91,675,144,133,94,192,241,1,4,8,5,1,3,11,0
41967,66,23,4,10,0,2,15,1,1,0,3,4,3,11,2
69263,14,492,5,32,13,5,21,1,9,1,7,6,3,11,1
65706,77,918,10,129,13,0,129,1,11,3,12,7,3,11,0
60934,41,224,155,155,192,93,54,2,6,4,11,4,3,11,1
71965,21,572,19,286,50,38,248,3,6,3,5,3,3,11,1
65210,25,626,0,70,0,7,28,2,9,3,8,6,3,11,1
79174,2,1074,37,518,193,92,129,1,5,6,7,2,3,11,0
81380,51,741,68,689,224,68,103,1,4,2,10,2,3,11,0
48432,3,322,3,50,4,3,42,5,7,1,6,8,3,11,1
52914,32,254,10,44,30,10,227,2,7,3,3,7,3,11,1
38946,84,116,6,82,6,6,41,2,3,1,6,5,3,11,1
26067,49,22,2,18,0,2,12,3,3,0,3,8,3,11,1
44325,69,516,0,21,0,0,5,4,8,2,7,8,3,11,1
42523,96,14,36,11,3,26,35,1,1,1,4,2,3,11,0
26487,23,2,8,10,12,14,23,3,2,1,3,5,3,11,1
53233,18,28,0,9,3,0,0,1,1,0,3,4,3,11,1
67716,8,530,142,217,62,9,56,4,7,4,13,5,3,11,1
76234,21,519,50,167,130,0,41,1,8,3,11,3,3,11,1
84117,60,611,76,749,59,45,26,1,7,10,6,2,3,11,0
65487,48,240,67,500,199,0,163,3,3,5,6,2,3,11,0
25224,36,4,9,12,11,2,8,2,1,1,3,3,3,11,1
89616,36,671,47,655,145,111,15,1,7,5,12,2,3,11,0
40851,63,23,1,7,0,4,24,1,1,1,2,7,3,11,2
27469,2,9,1,2,3,2,0,1,0,0,3,6,3,11,0
82347,38,556,54,845,202,133,63,1,7,7,10,3,3,11,0
73803,61,833,80,363,52,26,174,2,9,5,6,6,3,11,1
8820,52,12,0,13,4,2,4,4,3,0,3,8,3,11,2
43322,25,56,7,48,10,2,18,1,3,0,4,7,3,11,0
55593,63,293,8,124,11,4,106,2,6,6,3,6,3,11,1
50501,10,297,0,38,13,0,152,7,5,4,4,6,3,11,2
37085,65,39,1,16,2,0,3,4,3,0,3,8,3,11,2
16185,71,5,11,16,21,8,45,2,2,2,2,8,3,11,1
57731,0,266,21,300,65,8,44,4,8,8,6,6,3,11,1
48432,3,322,3,50,4,3,42,5,7,1,6,8,3,11,1
73807,88,366,124,156,71,78,54,2,5,5,11,2,3,11,1
18929,15,32,0,8,23,4,18,1,1,0,4,6,3,11,0
35893,80,158,0,23,0,0,18,6,3,1,5,8,3,11,2
61014,17,269,129,495,182,43,29,4,9,3,4,7,3,11,1
32144,76,41,0,10,0,0,3,4,2,1,3,7,3,11,2
14918,52,3,3,3,15,4,15,1,1,0,3,6,3,11,1
45146,28,33,0,5,0,0,15,2,1,1,2,4,3,11,2
41769,31,302,29,131,32,0,27,6,8,1,7,8,3,11,1
88325,42,519,71,860,93,27,53,1,6,2,9,2,3,11,0
38054,24,23,2,17,2,1,0,2,2,0,3,7,3,11,2
80617,42,594,51,631,72,55,32,1,4,6,8,2,3,11,0
5305,12,12,4,7,1,3,5,0,1,0,0,13,3,11,1
36807,88,4,2,5,0,0,5,1,1,0,2,6,3,11,2
28427,67,18,3,19,3,3,6,2,2,0,3,8,3,11,1
82032,54,332,194,377,149,125,57,0,4,6,7,1,3,11,0
22775,40,5,1,8,0,0,1,1,1,0,2,8,3,11,1
40101,73,171,3,129,26,24,62,4,6,1,6,7,3,11,1
58025,81,270,31,88,11,48,22,3,3,2,10,4,3,11,1
75777,12,712,26,538,69,13,80,1,3,6,11,1,3,11,0
7500,7,2,8,11,3,8,21,4,3,2,2,7,3,11,1
33562,33,21,12,12,0,3,3,3,2,0,4,4,3,11,3
57642,24,580,6,58,8,0,27,3,7,6,6,4,3,11,1
58554,55,368,24,68,38,0,88,6,8,2,6,7,3,11,2
63777,87,457,5,106,15,17,53,8,11,1,6,8,3,11,2
57967,39,229,7,137,4,0,91,5,4,2,8,5,3,11,1
24434,9,3,2,8,20,0,17,2,2,1,2,7,3,11,2
11012,82,24,3,26,7,1,23,3,3,1,2,9,3,11,1
44802,71,853,10,143,13,10,20,2,9,4,12,8,3,11,0
26816,50,5,1,6,3,4,3,1,0,0,3,4,3,11,0
666666,23,9,14,18,8,1,12,4,3,1,3,6,3,11,1
34421,81,3,3,7,6,2,9,1,1,0,2,7,3,11,1
61223,46,709,43,182,42,118,247,2,9,3,4,5,3,11,1
64014,56,406,0,30,0,0,8,7,8,2,5,7,3,11,3
56981,91,908,48,217,32,12,24,1,2,3,13,6,3,11,0
69245,8,428,30,214,80,30,61,2,6,5,10,3,3,11,1
52869,40,84,3,61,2,1,21,3,3,1,4,7,3,11,2
